"sitename","lat","long","siteid","datasetid","age","Salix","Populus","Picea"
"Red Green Lake",68.654086,-149.681654,"10537","16236",-47,6,0,33
"Red Green Lake",68.654086,-149.681654,"10537","16236",201,7,0,20
"Red Green Lake",68.654086,-149.681654,"10537","16236",327,14,0,31
"Red Green Lake",68.654086,-149.681654,"10537","16236",453,8,0,22
"Red Green Lake",68.654086,-149.681654,"10537","16236",573,4,0,32
"Red Green Lake",68.654086,-149.681654,"10537","16236",688,9,0,15
"Red Green Lake",68.654086,-149.681654,"10537","16236",808,2,0,12
"Red Green Lake",68.654086,-149.681654,"10537","16236",930,6,0,23
"Red Green Lake",68.654086,-149.681654,"10537","16236",1046,10,0,25
"Red Green Lake",68.654086,-149.681654,"10537","16236",1164,3,0,22
"Red Green Lake",68.654086,-149.681654,"10537","16236",1280,1,0,21
"Red Green Lake",68.654086,-149.681654,"10537","16236",1400,13,0,25
"Red Green Lake",68.654086,-149.681654,"10537","16236",1514,14,0,17
"Red Green Lake",68.654086,-149.681654,"10537","16236",1744,12,0,14
"Red Green Lake",68.654086,-149.681654,"10537","16236",2045,7,0,23
"Red Green Lake",68.654086,-149.681654,"10537","16236",2342,13,0,20
"Red Green Lake",68.654086,-149.681654,"10537","16236",2638,11,0,15
"Red Green Lake",68.654086,-149.681654,"10537","16236",2939,6,0,45
"Red Green Lake",68.654086,-149.681654,"10537","16236",3241,2,0,20
"Red Green Lake",68.654086,-149.681654,"10537","16236",3646,12,0,27
"Red Green Lake",68.654086,-149.681654,"10537","16236",4212,12,0,25
"Red Green Lake",68.654086,-149.681654,"10537","16236",4793,20,0,15
"Red Green Lake",68.654086,-149.681654,"10537","16236",5355,5,0,19
"Red Green Lake",68.654086,-149.681654,"10537","16236",5923,12,0,27
"Red Green Lake",68.654086,-149.681654,"10537","16236",6216,3,0,13
"Red Green Lake",68.654086,-149.681654,"10537","16236",6512,14,0,19
"Red Green Lake",68.654086,-149.681654,"10537","16236",6798,8,0,6
"Red Green Lake",68.654086,-149.681654,"10537","16236",7102,8,0,12
"Red Green Lake",68.654086,-149.681654,"10537","16236",7395,8,0,9
"Red Green Lake",68.654086,-149.681654,"10537","16236",7681,8,0,5
"Red Green Lake",68.654086,-149.681654,"10537","16236",7961,5,0,8
"Red Green Lake",68.654086,-149.681654,"10537","16236",8081,6,0,4
"Red Green Lake",68.654086,-149.681654,"10537","16236",8183,10,0,5
"Red Green Lake",68.654086,-149.681654,"10537","16236",8274,2,0,2
"Red Green Lake",68.654086,-149.681654,"10537","16236",8339,8,0,2
"Red Green Lake",68.654086,-149.681654,"10537","16236",8404,17,0,6
"Red Green Lake",68.654086,-149.681654,"10537","16236",8473,4,0,1
"Red Green Lake",68.654086,-149.681654,"10537","16236",8546,4,0,0
"Upper Capsule Lake",68.630934,-149.417838,"10539","16241",-47,24,1,27
"Upper Capsule Lake",68.630934,-149.417838,"10539","16241",59,27,0,6
"Upper Capsule Lake",68.630934,-149.417838,"10539","16241",162,7,0,10
"Upper Capsule Lake",68.630934,-149.417838,"10539","16241",271,1,0,2
"Upper Capsule Lake",68.630934,-149.417838,"10539","16241",384,1,0,5
"Upper Capsule Lake",68.630934,-149.417838,"10539","16241",489,2,0,6
"Upper Capsule Lake",68.630934,-149.417838,"10539","16241",598,7,0,2
"Upper Capsule Lake",68.630934,-149.417838,"10539","16241",715,10,0,3
"Upper Capsule Lake",68.630934,-149.417838,"10539","16241",824,6,0,4
"Upper Capsule Lake",68.630934,-149.417838,"10539","16241",932,7,0,4
"Upper Capsule Lake",68.630934,-149.417838,"10539","16241",1041,8,0,6
"Upper Capsule Lake",68.630934,-149.417838,"10539","16241",1254,12,0,8
"Upper Capsule Lake",68.630934,-149.417838,"10539","16241",1469,6,0,5
"Upper Capsule Lake",68.630934,-149.417838,"10539","16241",1576,6,0,6
"Upper Capsule Lake",68.630934,-149.417838,"10539","16241",1815,13,0,4
"Upper Capsule Lake",68.630934,-149.417838,"10539","16241",2059,11,0,6
"Upper Capsule Lake",68.630934,-149.417838,"10539","16241",2330,3,0,10
"Upper Capsule Lake",68.630934,-149.417838,"10539","16241",2668,2,0,6
"Upper Capsule Lake",68.630934,-149.417838,"10539","16241",3006,1,0,3
"Upper Capsule Lake",68.630934,-149.417838,"10539","16241",3348,2,0,2
"Upper Capsule Lake",68.630934,-149.417838,"10539","16241",3519,15,0,2
"Upper Capsule Lake",68.630934,-149.417838,"10539","16241",3855,6,0,9
"Upper Capsule Lake",68.630934,-149.417838,"10539","16241",4022,3,0,2
"Upper Capsule Lake",68.630934,-149.417838,"10539","16241",4420,7,0,4
"Upper Capsule Lake",68.630934,-149.417838,"10539","16241",4863,2,0,1
"Upper Capsule Lake",68.630934,-149.417838,"10539","16241",5073,9,0,11
"Upper Capsule Lake",68.630934,-149.417838,"10539","16241",5497,15,0,2
"Upper Capsule Lake",68.630934,-149.417838,"10539","16241",6136,5,0,3
"Upper Capsule Lake",68.630934,-149.417838,"10539","16241",6354,6,0,3
"Upper Capsule Lake",68.630934,-149.417838,"10539","16241",6893,27,0,4
"Upper Capsule Lake",68.630934,-149.417838,"10539","16241",7406,12,2,2
"Upper Capsule Lake",68.630934,-149.417838,"10539","16241",7693,12,0,9
"Upper Capsule Lake",68.630934,-149.417838,"10539","16241",8083,8,0,2
"Upper Capsule Lake",68.630934,-149.417838,"10539","16241",8503,22,0,1
"Upper Capsule Lake",68.630934,-149.417838,"10539","16241",8957,16,1,2
"Upper Capsule Lake",68.630934,-149.417838,"10539","16241",9213,11,4,0
"Upper Capsule Lake",68.630934,-149.417838,"10539","16241",9311,17,1,1
"Upper Capsule Lake",68.630934,-149.417838,"10539","16241",9423,8,4,0
"Upper Capsule Lake",68.630934,-149.417838,"10539","16241",9624,15,2,0
"Upper Capsule Lake",68.630934,-149.417838,"10539","16241",10035,18,0,1
"Upper Capsule Lake",68.630934,-149.417838,"10539","16241",10461,15,4,0
"Upper Capsule Lake",68.630934,-149.417838,"10539","16241",10684,23,0,0
"Upper Capsule Lake",68.630934,-149.417838,"10539","16241",10978,9,2,0
"Upper Capsule Lake",68.630934,-149.417838,"10539","16241",11148,23,0,0
"Upper Capsule Lake",68.630934,-149.417838,"10539","16241",11319,22,0,0
"Upper Capsule Lake",68.630934,-149.417838,"10539","16241",11594,11,0,0
"Upper Capsule Lake",68.630934,-149.417838,"10539","16241",11693,23,0,0
"Upper Capsule Lake",68.630934,-149.417838,"10539","16241",11792,6,0,0
"Crowsnest Lake",68.33333,-146.48333,"513","527",123,12,7,27
"Crowsnest Lake",68.33333,-146.48333,"513","527",246,11,2,40
"Crowsnest Lake",68.33333,-146.48333,"513","527",493,3,0,60
"Crowsnest Lake",68.33333,-146.48333,"513","527",739,9,0,54
"Crowsnest Lake",68.33333,-146.48333,"513","527",985,2,0,69
"Crowsnest Lake",68.33333,-146.48333,"513","527",1232,4,2,63
"Crowsnest Lake",68.33333,-146.48333,"513","527",1601,6,0,50
"Crowsnest Lake",68.33333,-146.48333,"513","527",1724,7,0,74
"Crowsnest Lake",68.33333,-146.48333,"513","527",1970,10,1,60
"Crowsnest Lake",68.33333,-146.48333,"513","527",2217,4,0,93
"Crowsnest Lake",68.33333,-146.48333,"513","527",2463,6,1,77
"Crowsnest Lake",68.33333,-146.48333,"513","527",2709,6,0,60
"Crowsnest Lake",68.33333,-146.48333,"513","527",2956,10,0,79
"Crowsnest Lake",68.33333,-146.48333,"513","527",3202,8,2,96
"Crowsnest Lake",68.33333,-146.48333,"513","527",3448,4,1,59
"Crowsnest Lake",68.33333,-146.48333,"513","527",3695,5,2,60
"Crowsnest Lake",68.33333,-146.48333,"513","527",3941,12,1,43
"Crowsnest Lake",68.33333,-146.48333,"513","527",4187,8,1,41
"Crowsnest Lake",68.33333,-146.48333,"513","527",4433,5,0,74
"Crowsnest Lake",68.33333,-146.48333,"513","527",4680,8,4,103
"Crowsnest Lake",68.33333,-146.48333,"513","527",4926,2,0,45
"Crowsnest Lake",68.33333,-146.48333,"513","527",5172,7,0,60
"Crowsnest Lake",68.33333,-146.48333,"513","527",5419,12,0,47
"Crowsnest Lake",68.33333,-146.48333,"513","527",5665,7,0,29
"Crowsnest Lake",68.33333,-146.48333,"513","527",5911,8,1,49
"Crowsnest Lake",68.33333,-146.48333,"513","527",6158,8,0,81
"Crowsnest Lake",68.33333,-146.48333,"513","527",6363,7,1,57
"Crowsnest Lake",68.33333,-146.48333,"513","527",6472,12,0,69
"Crowsnest Lake",68.33333,-146.48333,"513","527",6527,9,0,32
"Crowsnest Lake",68.33333,-146.48333,"513","527",6581,4,1,50
"Crowsnest Lake",68.33333,-146.48333,"513","527",6691,5,1,39
"Crowsnest Lake",68.33333,-146.48333,"513","527",6811,4,0,51
"Crowsnest Lake",68.33333,-146.48333,"513","527",6909,6,0,40
"Crowsnest Lake",68.33333,-146.48333,"513","527",7018,3,2,30
"Crowsnest Lake",68.33333,-146.48333,"513","527",7128,7,0,62
"Crowsnest Lake",68.33333,-146.48333,"513","527",7237,8,1,67
"Crowsnest Lake",68.33333,-146.48333,"513","527",7346,9,0,17
"Crowsnest Lake",68.33333,-146.48333,"513","527",7423,7,8,99
"Crowsnest Lake",68.33333,-146.48333,"513","527",7565,3,0,31
"Crowsnest Lake",68.33333,-146.48333,"513","527",7674,6,2,35
"Crowsnest Lake",68.33333,-146.48333,"513","527",7783,4,0,26
"Crowsnest Lake",68.33333,-146.48333,"513","527",7893,7,0,20
"Crowsnest Lake",68.33333,-146.48333,"513","527",7958,7,3,30
"Crowsnest Lake",68.33333,-146.48333,"513","527",8057,7,1,4
"Crowsnest Lake",68.33333,-146.48333,"513","527",8133,15,0,19
"Crowsnest Lake",68.33333,-146.48333,"513","527",8166,5,0,49
"Crowsnest Lake",68.33333,-146.48333,"513","527",8177,10,1,18
"Crowsnest Lake",68.33333,-146.48333,"513","527",8220,13,0,24
"Crowsnest Lake",68.33333,-146.48333,"513","527",8330,15,1,9
"Crowsnest Lake",68.33333,-146.48333,"513","527",8439,7,5,8
"Crowsnest Lake",68.33333,-146.48333,"513","527",8548,11,0,9
"Crowsnest Lake",68.33333,-146.48333,"513","527",8712,6,1,7
"Crowsnest Lake",68.33333,-146.48333,"513","527",8876,12,3,14
"Crowsnest Lake",68.33333,-146.48333,"513","527",9040,20,0,6
"Crowsnest Lake",68.33333,-146.48333,"513","527",9165,7,1,3
"Crowsnest Lake",68.33333,-146.48333,"513","527",9290,7,0,1
"Crowsnest Lake",68.33333,-146.48333,"513","527",9415,11,0,0
"Crowsnest Lake",68.33333,-146.48333,"513","527",9615,18,8,1
"Crowsnest Lake",68.33333,-146.48333,"513","527",9727,16,4,3
"Crowsnest Lake",68.33333,-146.48333,"513","527",9914,9,1,2
"Crowsnest Lake",68.33333,-146.48333,"513","527",10102,4,2,0
"Crowsnest Lake",68.33333,-146.48333,"513","527",10226,2,0,1
"Crowsnest Lake",68.33333,-146.48333,"513","527",10351,11,5,1
"Crowsnest Lake",68.33333,-146.48333,"513","527",10476,6,1,1
"Crowsnest Lake",68.33333,-146.48333,"513","527",10601,6,2,0
"Crowsnest Lake",68.33333,-146.48333,"513","527",10664,6,0,1
"Crowsnest Lake",68.33333,-146.48333,"513","527",10851,5,0,1
"Seagull Lake",68.26667,-145.21667,"2271","2352",123,3,0,80
"Seagull Lake",68.26667,-145.21667,"2271","2352",411,5,0,30
"Seagull Lake",68.26667,-145.21667,"2271","2352",616,0,0,26
"Seagull Lake",68.26667,-145.21667,"2271","2352",1233,6,0,27
"Seagull Lake",68.26667,-145.21667,"2271","2352",1438,3,0,65
"Seagull Lake",68.26667,-145.21667,"2271","2352",2055,2,0,38
"Seagull Lake",68.26667,-145.21667,"2271","2352",2436,8,0,57
"Seagull Lake",68.26667,-145.21667,"2271","2352",2612,4,0,27
"Seagull Lake",68.26667,-145.21667,"2271","2352",2964,3,0,26
"Seagull Lake",68.26667,-145.21667,"2271","2352",3140,5,0,47
"Seagull Lake",68.26667,-145.21667,"2271","2352",3316,3,0,51
"Seagull Lake",68.26667,-145.21667,"2271","2352",3492,3,0,43
"Seagull Lake",68.26667,-145.21667,"2271","2352",3844,6,0,57
"Seagull Lake",68.26667,-145.21667,"2271","2352",4020,2,0,65
"Seagull Lake",68.26667,-145.21667,"2271","2352",4372,1,0,63
"Seagull Lake",68.26667,-145.21667,"2271","2352",4548,3,0,61
"Seagull Lake",68.26667,-145.21667,"2271","2352",4724,6,0,69
"Seagull Lake",68.26667,-145.21667,"2271","2352",5076,1,0,46
"Seagull Lake",68.26667,-145.21667,"2271","2352",5252,2,0,33
"Seagull Lake",68.26667,-145.21667,"2271","2352",5428,2,1,61
"Seagull Lake",68.26667,-145.21667,"2271","2352",5780,6,0,65
"Seagull Lake",68.26667,-145.21667,"2271","2352",6355,4,2,42
"Seagull Lake",68.26667,-145.21667,"2271","2352",6930,3,1,34
"Seagull Lake",68.26667,-145.21667,"2271","2352",7505,3,0,30
"Seagull Lake",68.26667,-145.21667,"2271","2352",8080,7,0,87
"Seagull Lake",68.26667,-145.21667,"2271","2352",8655,5,0,63
"Seagull Lake",68.26667,-145.21667,"2271","2352",9230,2,3,15
"Seagull Lake",68.26667,-145.21667,"2271","2352",9535,14,5,1
"Seagull Lake",68.26667,-145.21667,"2271","2352",9840,18,5,2
"Seagull Lake",68.26667,-145.21667,"2271","2352",10145,20,2,0
"Seagull Lake",68.26667,-145.21667,"2271","2352",10755,20,0,0
"Seagull Lake",68.26667,-145.21667,"2271","2352",11365,32,3,1
"Seagull Lake",68.26667,-145.21667,"2271","2352",11975,9,0,0
"Seagull Lake",68.26667,-145.21667,"2271","2352",12585,10,1,1
"Seagull Lake",68.26667,-145.21667,"2271","2352",13195,16,0,1
"Seagull Lake",68.26667,-145.21667,"2271","2352",13805,20,0,0
"Tukuto Lake",68.49686,-157.0356,"10538","16238",18,31,0,20
"Tukuto Lake",68.49686,-157.0356,"10538","16238",145,17,0,16
"Tukuto Lake",68.49686,-157.0356,"10538","16238",273,2,0,5
"Tukuto Lake",68.49686,-157.0356,"10538","16238",400,19,0,0
"Tukuto Lake",68.49686,-157.0356,"10538","16238",528,10,0,18
"Tukuto Lake",68.49686,-157.0356,"10538","16238",656,9,0,3
"Tukuto Lake",68.49686,-157.0356,"10538","16238",785,10,0,3
"Tukuto Lake",68.49686,-157.0356,"10538","16238",914,14,0,6
"Tukuto Lake",68.49686,-157.0356,"10538","16238",1041,19,0,1
"Tukuto Lake",68.49686,-157.0356,"10538","16238",1170,30,0,8
"Tukuto Lake",68.49686,-157.0356,"10538","16238",1287,24,0,6
"Tukuto Lake",68.49686,-157.0356,"10538","16238",1393,20,0,5
"Tukuto Lake",68.49686,-157.0356,"10538","16238",1498,12,0,1
"Tukuto Lake",68.49686,-157.0356,"10538","16238",1605,13,0,0
"Tukuto Lake",68.49686,-157.0356,"10538","16238",1820,21,0,0
"Tukuto Lake",68.49686,-157.0356,"10538","16238",1982,27,0,6
"Tukuto Lake",68.49686,-157.0356,"10538","16238",2183,20,0,5
"Tukuto Lake",68.49686,-157.0356,"10538","16238",2333,18,0,14
"Tukuto Lake",68.49686,-157.0356,"10538","16238",2479,31,0,11
"Tukuto Lake",68.49686,-157.0356,"10538","16238",2637,21,0,7
"Tukuto Lake",68.49686,-157.0356,"10538","16238",2853,27,0,8
"Tukuto Lake",68.49686,-157.0356,"10538","16238",3069,22,0,19
"Tukuto Lake",68.49686,-157.0356,"10538","16238",3290,36,0,7
"Tukuto Lake",68.49686,-157.0356,"10538","16238",3510,25,0,2
"Tukuto Lake",68.49686,-157.0356,"10538","16238",3729,24,0,7
"Tukuto Lake",68.49686,-157.0356,"10538","16238",3955,29,0,6
"Tukuto Lake",68.49686,-157.0356,"10538","16238",4179,15,0,7
"Tukuto Lake",68.49686,-157.0356,"10538","16238",4397,9,1,7
"Tukuto Lake",68.49686,-157.0356,"10538","16238",4612,32,0,1
"Tukuto Lake",68.49686,-157.0356,"10538","16238",4828,22,0,6
"Tukuto Lake",68.49686,-157.0356,"10538","16238",5016,17,0,10
"Tukuto Lake",68.49686,-157.0356,"10538","16238",5203,14,0,5
"Tukuto Lake",68.49686,-157.0356,"10538","16238",5388,15,0,1
"Tukuto Lake",68.49686,-157.0356,"10538","16238",5586,20,0,4
"Tukuto Lake",68.49686,-157.0356,"10538","16238",6840,17,0,6
"Tukuto Lake",68.49686,-157.0356,"10538","16238",7599,32,0,10
"Tukuto Lake",68.49686,-157.0356,"10538","16238",8254,29,0,2
"Tukuto Lake",68.49686,-157.0356,"10538","16238",8753,44,0,2
"Tukuto Lake",68.49686,-157.0356,"10538","16238",9234,30,7,1
"Tukuto Lake",68.49686,-157.0356,"10538","16238",9698,41,0,0
"Tukuto Lake",68.49686,-157.0356,"10538","16238",10168,38,1,2
"Tukuto Lake",68.49686,-157.0356,"10538","16238",10629,35,2,1
"Tukuto Lake",68.49686,-157.0356,"10538","16238",11104,42,0,0
"Tukuto Lake",68.49686,-157.0356,"10538","16238",11577,50,3,0
"Tukuto Lake",68.49686,-157.0356,"10538","16238",12037,45,0,0
"Tukuto Lake",68.49686,-157.0356,"10538","16238",12512,49,1,0
"Tukuto Lake",68.49686,-157.0356,"10538","16238",12985,39,0,0
"Tukuto Lake",68.49686,-157.0356,"10538","16238",13462,39,0,0
"Tukuto Lake",68.49686,-157.0356,"10538","16238",13934,58,0,0
"Tukuto Lake",68.49686,-157.0356,"10538","16238",14391,78,0,0
"Tukuto Lake",68.49686,-157.0356,"10538","16238",14836,65,0,0
"Tukuto Lake",68.49686,-157.0356,"10538","16238",15108,60,0,0
"Tukuto Lake",68.49686,-157.0356,"10538","16238",15333,98,0,0
"Tukuto Lake",68.49686,-157.0356,"10538","16238",15771,90,0,0
"Tukuto Lake",68.49686,-157.0356,"10538","16238",15999,115,0,0
"Tukuto Lake",68.49686,-157.0356,"10538","16238",16306,74,0,0
"Tukuto Lake",68.49686,-157.0356,"10538","16238",17561,50,0,0
"Tukuto Lake",68.49686,-157.0356,"10538","16238",19110,16,0,6
"Tukuto Lake",68.49686,-157.0356,"10538","16238",20649,12,0,1
"Tukuto Lake",68.49686,-157.0356,"10538","16238",22186,14,0,2
"Tukuto Lake",68.49686,-157.0356,"10538","16238",23743,26,0,2
"Tukuto Lake",68.49686,-157.0356,"10538","16238",25290,28,0,0
"Tukuto Lake",68.49686,-157.0356,"10538","16238",26823,21,0,1
"Tukuto Lake",68.49686,-157.0356,"10538","16238",27471,10,0,0
"Tukuto Lake",68.49686,-157.0356,"10538","16238",27908,53,0,1
"Tukuto Lake",68.49686,-157.0356,"10538","16238",28337,26,0,0
"Tukuto Lake",68.49686,-157.0356,"10538","16238",31333,31,0,1
"Tukuto Lake",68.49686,-157.0356,"10538","16238",33917,46,0,0
"Tukuto Lake",68.49686,-157.0356,"10538","16238",34355,48,0,1
"Tukuto Lake",68.49686,-157.0356,"10538","16238",34775,35,0,1
"Tukuto Lake",68.49686,-157.0356,"10538","16238",35188,29,0,0
"Tukuto Lake",68.49686,-157.0356,"10538","16238",35596,30,0,0
"Kaiyak Lake",68.15,-161.41667,"1396","1432",0,6,5,13
"Kaiyak Lake",68.15,-161.41667,"1396","1432",1047,10,4,18
"Kaiyak Lake",68.15,-161.41667,"1396","1432",2093,21,4,18
"Kaiyak Lake",68.15,-161.41667,"1396","1432",3578,8,1,19
"Kaiyak Lake",68.15,-161.41667,"1396","1432",4455,10,5,6
"Kaiyak Lake",68.15,-161.41667,"1396","1432",5331,14,5,10
"Kaiyak Lake",68.15,-161.41667,"1396","1432",6207,10,3,6
"Kaiyak Lake",68.15,-161.41667,"1396","1432",6821,8,4,3
"Kaiyak Lake",68.15,-161.41667,"1396","1432",7785,8,0,6
"Kaiyak Lake",68.15,-161.41667,"1396","1432",8198,15,1,2
"Kaiyak Lake",68.15,-161.41667,"1396","1432",8495,11,4,1
"Kaiyak Lake",68.15,-161.41667,"1396","1432",8792,11,0,1
"Kaiyak Lake",68.15,-161.41667,"1396","1432",9664,7,2,1
"Kaiyak Lake",68.15,-161.41667,"1396","1432",11113,30,0,0
"Kaiyak Lake",68.15,-161.41667,"1396","1432",12562,46,0,0
"Kaiyak Lake",68.15,-161.41667,"1396","1432",14010,17,2,1
"Kaiyak Lake",68.15,-161.41667,"1396","1432",14582,30,0,0
"Kaiyak Lake",68.15,-161.41667,"1396","1432",14969,14,0,0
"Kaiyak Lake",68.15,-161.41667,"1396","1432",15320,32,2,1
"Kaiyak Lake",68.15,-161.41667,"1396","1432",15672,17,4,0
"Kaiyak Lake",68.15,-161.41667,"1396","1432",16024,21,3,0
"Kaiyak Lake",68.15,-161.41667,"1396","1432",16411,28,2,0
"Kaiyak Lake",68.15,-161.41667,"1396","1432",16728,12,0,0
"Kaiyak Lake",68.15,-161.41667,"1396","1432",17080,13,0,0
"Kaiyak Lake",68.15,-161.41667,"1396","1432",17467,26,0,0
"Kaiyak Lake",68.15,-161.41667,"1396","1432",17995,13,0,0
"Kaiyak Lake",68.15,-161.41667,"1396","1432",18347,11,0,0
"Kaiyak Lake",68.15,-161.41667,"1396","1432",18699,19,0,2
"Kaiyak Lake",68.15,-161.41667,"1396","1432",19051,11,0,2
"Kaiyak Lake",68.15,-161.41667,"1396","1432",19403,19,0,1
"Kaiyak Lake",68.15,-161.41667,"1396","1432",19754,3,0,1
"Kaiyak Lake",68.15,-161.41667,"1396","1432",20106,13,0,1
"Kaiyak Lake",68.15,-161.41667,"1396","1432",20458,29,0,0
"Kaiyak Lake",68.15,-161.41667,"1396","1432",20810,18,3,3
"Kaiyak Lake",68.15,-161.41667,"1396","1432",21338,11,1,1
"Kaiyak Lake",68.15,-161.41667,"1396","1432",21690,22,0,3
"Kaiyak Lake",68.15,-161.41667,"1396","1432",22647,18,5,0
"Kaiyak Lake",68.15,-161.41667,"1396","1432",23604,12,0,0
"Kaiyak Lake",68.15,-161.41667,"1396","1432",24561,16,2,0
"Kaiyak Lake",68.15,-161.41667,"1396","1432",25996,3,0,0
"Kaiyak Lake",68.15,-161.41667,"1396","1432",26953,13,6,0
"Kaiyak Lake",68.15,-161.41667,"1396","1432",27910,10,0,0
"Kaiyak Lake",68.15,-161.41667,"1396","1432",28867,13,0,0
"Kaiyak Lake",68.15,-161.41667,"1396","1432",29823,21,2,0
"Kaiyak Lake",68.15,-161.41667,"1396","1432",30780,16,0,0
"Kaiyak Lake",68.15,-161.41667,"1396","1432",31737,18,2,0
"Kaiyak Lake",68.15,-161.41667,"1396","1432",32694,28,4,0
"Kaiyak Lake",68.15,-161.41667,"1396","1432",34608,10,1,0
"Kaiyak Lake",68.15,-161.41667,"1396","1432",35565,15,0,0
"Kaiyak Lake",68.15,-161.41667,"1396","1432",36522,23,0,2
"Kaiyak Lake",68.15,-161.41667,"1396","1432",37478,16,0,0
"Kaiyak Lake",68.15,-161.41667,"1396","1432",38435,16,0,0
"Kaiyak Lake",68.15,-161.41667,"1396","1432",39392,31,0,0
"Niliq Lake",67.86667,-160.43333,"1748","1806",1176,13,0,16
"Niliq Lake",67.86667,-160.43333,"1748","1806",1680,2,0,8
"Niliq Lake",67.86667,-160.43333,"1748","1806",2794,4,0,8
"Niliq Lake",67.86667,-160.43333,"1748","1806",3341,5,0,4
"Niliq Lake",67.86667,-160.43333,"1748","1806",3888,11,0,7
"Niliq Lake",67.86667,-160.43333,"1748","1806",4435,9,0,5
"Niliq Lake",67.86667,-160.43333,"1748","1806",4982,5,0,6
"Niliq Lake",67.86667,-160.43333,"1748","1806",5529,2,0,3
"Niliq Lake",67.86667,-160.43333,"1748","1806",6076,2,0,1
"Niliq Lake",67.86667,-160.43333,"1748","1806",6350,0,0,1
"Niliq Lake",67.86667,-160.43333,"1748","1806",6604,6,1,0
"Niliq Lake",67.86667,-160.43333,"1748","1806",6858,4,0,1
"Niliq Lake",67.86667,-160.43333,"1748","1806",7112,3,1,1
"Niliq Lake",67.86667,-160.43333,"1748","1806",7620,2,0,0
"Niliq Lake",67.86667,-160.43333,"1748","1806",8128,10,0,1
"Niliq Lake",67.86667,-160.43333,"1748","1806",8636,6,0,0
"Niliq Lake",67.86667,-160.43333,"1748","1806",8839,6,2,0
"Niliq Lake",67.86667,-160.43333,"1748","1806",8980,11,1,2
"Niliq Lake",67.86667,-160.43333,"1748","1806",9161,6,0,0
"Niliq Lake",67.86667,-160.43333,"1748","1806",9342,8,0,2
"Niliq Lake",67.86667,-160.43333,"1748","1806",9523,12,2,1
"Niliq Lake",67.86667,-160.43333,"1748","1806",9704,19,0,2
"Niliq Lake",67.86667,-160.43333,"1748","1806",9885,17,4,0
"Niliq Lake",67.86667,-160.43333,"1748","1806",10066,13,3,1
"Niliq Lake",67.86667,-160.43333,"1748","1806",10247,15,5,0
"Niliq Lake",67.86667,-160.43333,"1748","1806",10428,19,1,0
"Niliq Lake",67.86667,-160.43333,"1748","1806",10609,17,8,0
"Niliq Lake",67.86667,-160.43333,"1748","1806",10681,20,17,0
"Niliq Lake",67.86667,-160.43333,"1748","1806",10790,38,20,0
"Niliq Lake",67.86667,-160.43333,"1748","1806",10880,39,10,1
"Niliq Lake",67.86667,-160.43333,"1748","1806",11050,33,2,0
"Niliq Lake",67.86667,-160.43333,"1748","1806",11391,17,0,0
"Niliq Lake",67.86667,-160.43333,"1748","1806",11732,21,1,0
"Niliq Lake",67.86667,-160.43333,"1748","1806",12073,18,0,0
"Niliq Lake",67.86667,-160.43333,"1748","1806",12414,19,0,0
"Niliq Lake",67.86667,-160.43333,"1748","1806",12755,13,0,0
"Niliq Lake",67.86667,-160.43333,"1748","1806",13096,36,0,0
"Niliq Lake",67.86667,-160.43333,"1748","1806",13266,9,0,0
"Niliq Lake",67.86667,-160.43333,"1748","1806",13437,56,0,0
"Niliq Lake",67.86667,-160.43333,"1748","1806",13607,31,1,1
"Niliq Lake",67.86667,-160.43333,"1748","1806",13778,33,0,1
"Niliq Lake",67.86667,-160.43333,"1748","1806",14050,57,0,1
"Etivlik Lake",68.13333,-156.03333,"790","811",118,8,0,24
"Etivlik Lake",68.13333,-156.03333,"790","811",591,3,0,24
"Etivlik Lake",68.13333,-156.03333,"790","811",1183,6,0,32
"Etivlik Lake",68.13333,-156.03333,"790","811",2366,7,0,24
"Etivlik Lake",68.13333,-156.03333,"790","811",3549,4,0,26
"Etivlik Lake",68.13333,-156.03333,"790","811",4587,6,1,25
"Etivlik Lake",68.13333,-156.03333,"790","811",5480,2,1,7
"Etivlik Lake",68.13333,-156.03333,"790","811",6373,8,0,5
"Etivlik Lake",68.13333,-156.03333,"790","811",7267,1,0,4
"Etivlik Lake",68.13333,-156.03333,"790","811",8160,5,3,5
"Etivlik Lake",68.13333,-156.03333,"790","811",8354,5,1,18
"Etivlik Lake",68.13333,-156.03333,"790","811",8548,6,2,14
"Etivlik Lake",68.13333,-156.03333,"790","811",8742,17,4,4
"Etivlik Lake",68.13333,-156.03333,"790","811",8937,16,12,1
"Etivlik Lake",68.13333,-156.03333,"790","811",9325,20,0,0
"Etivlik Lake",68.13333,-156.03333,"790","811",9713,16,6,0
"Etivlik Lake",68.13333,-156.03333,"790","811",10101,31,0,0
"Etivlik Lake",68.13333,-156.03333,"790","811",10490,16,0,0
"Etivlik Lake",68.13333,-156.03333,"790","811",10878,19,0,0
"Etivlik Lake",68.13333,-156.03333,"790","811",12431,14,0,0
"Etivlik Lake",68.13333,-156.03333,"790","811",12819,18,0,1
"Etivlik Lake",68.13333,-156.03333,"790","811",13596,20,0,1
"Etivlik Lake",68.13333,-156.03333,"790","811",13984,22,0,1
"Headwaters Lake",67.93333,-155.05,"992","1024",0,9,0,17
"Headwaters Lake",67.93333,-155.05,"992","1024",257,15,0,15
"Headwaters Lake",67.93333,-155.05,"992","1024",745,10,0,17
"Headwaters Lake",67.93333,-155.05,"992","1024",1199,12,0,17
"Headwaters Lake",67.93333,-155.05,"992","1024",1923,13,0,14
"Headwaters Lake",67.93333,-155.05,"992","1024",2479,9,0,11
"Headwaters Lake",67.93333,-155.05,"992","1024",2820,9,0,13
"Headwaters Lake",67.93333,-155.05,"992","1024",3296,5,0,13
"Headwaters Lake",67.93333,-155.05,"992","1024",3593,10,0,13
"Headwaters Lake",67.93333,-155.05,"992","1024",3875,6,0,19
"Headwaters Lake",67.93333,-155.05,"992","1024",4279,8,0,14
"Headwaters Lake",67.93333,-155.05,"992","1024",4538,4,0,3
"Headwaters Lake",67.93333,-155.05,"992","1024",4792,4,0,11
"Headwaters Lake",67.93333,-155.05,"992","1024",5043,4,0,7
"Headwaters Lake",67.93333,-155.05,"992","1024",5420,4,0,12
"Headwaters Lake",67.93333,-155.05,"992","1024",5806,5,0,6
"Headwaters Lake",67.93333,-155.05,"992","1024",6071,4,0,1
"Headwaters Lake",67.93333,-155.05,"992","1024",6489,3,0,7
"Headwaters Lake",67.93333,-155.05,"992","1024",6784,7,0,1
"Headwaters Lake",67.93333,-155.05,"992","1024",7257,10,0,5
"Headwaters Lake",67.93333,-155.05,"992","1024",7596,9,0,2
"Headwaters Lake",67.93333,-155.05,"992","1024",7958,14,0,0
"Headwaters Lake",67.93333,-155.05,"992","1024",8345,13,4,0
"Headwaters Lake",67.93333,-155.05,"992","1024",8976,5,0,0
"Headwaters Lake",67.93333,-155.05,"992","1024",9435,14,0,0
"Headwaters Lake",67.93333,-155.05,"992","1024",9928,20,0,0
"Headwaters Lake",67.93333,-155.05,"992","1024",10457,22,0,0
"Headwaters Lake",67.93333,-155.05,"992","1024",11024,12,0,0
"Headwaters Lake",67.93333,-155.05,"992","1024",11631,37,0,0
"Headwaters Lake",67.93333,-155.05,"992","1024",11951,64,5,0
"Redondo Lake",67.68333,-155.03333,"1974","2047",2,7,0,20
"Redondo Lake",67.68333,-155.03333,"1974","2047",165,6,0,9
"Redondo Lake",67.68333,-155.03333,"1974","2047",328,7,0,17
"Redondo Lake",67.68333,-155.03333,"1974","2047",500,4,0,14
"Redondo Lake",67.68333,-155.03333,"1974","2047",672,7,0,18
"Redondo Lake",67.68333,-155.03333,"1974","2047",846,4,0,29
"Redondo Lake",67.68333,-155.03333,"1974","2047",1019,7,0,20
"Redondo Lake",67.68333,-155.03333,"1974","2047",1190,4,0,24
"Redondo Lake",67.68333,-155.03333,"1974","2047",1359,4,0,24
"Redondo Lake",67.68333,-155.03333,"1974","2047",1517,3,1,6
"Redondo Lake",67.68333,-155.03333,"1974","2047",1802,6,0,14
"Redondo Lake",67.68333,-155.03333,"1974","2047",2083,1,0,12
"Redondo Lake",67.68333,-155.03333,"1974","2047",2511,8,0,7
"Redondo Lake",67.68333,-155.03333,"1974","2047",3082,2,0,0
"Redondo Lake",67.68333,-155.03333,"1974","2047",3365,9,1,8
"Redondo Lake",67.68333,-155.03333,"1974","2047",3636,3,0,16
"Redondo Lake",67.68333,-155.03333,"1974","2047",4201,3,0,1
"Redondo Lake",67.68333,-155.03333,"1974","2047",4529,2,0,3
"Redondo Lake",67.68333,-155.03333,"1974","2047",4808,6,0,14
"Redondo Lake",67.68333,-155.03333,"1974","2047",5086,3,0,1
"Redondo Lake",67.68333,-155.03333,"1974","2047",5625,6,0,14
"Redondo Lake",67.68333,-155.03333,"1974","2047",5894,1,0,5
"Redondo Lake",67.68333,-155.03333,"1974","2047",6030,9,0,6
"Redondo Lake",67.68333,-155.03333,"1974","2047",6163,6,0,5
"Redondo Lake",67.68333,-155.03333,"1974","2047",6434,10,0,2
"Screaming Yellowlegs Pond",67.58333,-151.41667,"2270","2351",530,4,0,61
"Screaming Yellowlegs Pond",67.58333,-151.41667,"2270","2351",987,12,1,83
"Screaming Yellowlegs Pond",67.58333,-151.41667,"2270","2351",1795,16,1,86
"Screaming Yellowlegs Pond",67.58333,-151.41667,"2270","2351",2375,11,2,50
"Screaming Yellowlegs Pond",67.58333,-151.41667,"2270","2351",3100,12,0,45
"Screaming Yellowlegs Pond",67.58333,-151.41667,"2270","2351",3827,4,1,98
"Screaming Yellowlegs Pond",67.58333,-151.41667,"2270","2351",4540,8,0,41
"Screaming Yellowlegs Pond",67.58333,-151.41667,"2270","2351",5255,3,0,45
"Screaming Yellowlegs Pond",67.58333,-151.41667,"2270","2351",5965,7,0,19
"Screaming Yellowlegs Pond",67.58333,-151.41667,"2270","2351",6582,4,0,17
"Screaming Yellowlegs Pond",67.58333,-151.41667,"2270","2351",6869,7,3,29
"Screaming Yellowlegs Pond",67.58333,-151.41667,"2270","2351",7155,6,0,25
"Screaming Yellowlegs Pond",67.58333,-151.41667,"2270","2351",7433,4,0,19
"Screaming Yellowlegs Pond",67.58333,-151.41667,"2270","2351",7708,6,0,22
"Screaming Yellowlegs Pond",67.58333,-151.41667,"2270","2351",7919,6,2,66
"Screaming Yellowlegs Pond",67.58333,-151.41667,"2270","2351",8072,6,0,60
"Screaming Yellowlegs Pond",67.58333,-151.41667,"2270","2351",8329,10,11,50
"Screaming Yellowlegs Pond",67.58333,-151.41667,"2270","2351",8489,14,1,85
"Screaming Yellowlegs Pond",67.58333,-151.41667,"2270","2351",8650,1,4,53
"Screaming Yellowlegs Pond",67.58333,-151.41667,"2270","2351",8854,21,1,23
"Screaming Yellowlegs Pond",67.58333,-151.41667,"2270","2351",9061,4,6,3
"Screaming Yellowlegs Pond",67.58333,-151.41667,"2270","2351",10290,22,8,1
"Screaming Yellowlegs Pond",67.58333,-151.41667,"2270","2351",11274,25,22,0
"Screaming Yellowlegs Pond",67.58333,-151.41667,"2270","2351",11600,27,53,0
"Screaming Yellowlegs Pond",67.58333,-151.41667,"2270","2351",11927,21,32,0
"Screaming Yellowlegs Pond",67.58333,-151.41667,"2270","2351",12239,39,17,0
"Screaming Yellowlegs Pond",67.58333,-151.41667,"2270","2351",12481,51,0,0
"Screaming Yellowlegs Pond",67.58333,-151.41667,"2270","2351",12780,19,0,0
"Screaming Yellowlegs Pond",67.58333,-151.41667,"2270","2351",12983,19,0,0
"Screaming Yellowlegs Pond",67.58333,-151.41667,"2270","2351",13251,19,0,0
"Screaming Yellowlegs Pond",67.58333,-151.41667,"2270","2351",13934,9,0,0
"Screaming Yellowlegs Pond",67.58333,-151.41667,"2270","2351",14663,120,0,0
"Screaming Yellowlegs Pond",67.58333,-151.41667,"2270","2351",15372,78,0,0
"Screaming Yellowlegs Pond",67.58333,-151.41667,"2270","2351",16063,60,0,0
"Screaming Yellowlegs Pond",67.58333,-151.41667,"2270","2351",16749,73,0,1
"Screaming Yellowlegs Pond",67.58333,-151.41667,"2270","2351",17441,53,0,4
"Rebel Lake",67.41667,-149.8,"1973","2045",0,8,2,56
"Rebel Lake",67.41667,-149.8,"1973","2045",584,11,5,42
"Rebel Lake",67.41667,-149.8,"1973","2045",1168,16,0,36
"Rebel Lake",67.41667,-149.8,"1973","2045",1752,10,5,33
"Rebel Lake",67.41667,-149.8,"1973","2045",2336,4,2,40
"Rebel Lake",67.41667,-149.8,"1973","2045",2920,12,1,26
"Rebel Lake",67.41667,-149.8,"1973","2045",3504,8,1,49
"Rebel Lake",67.41667,-149.8,"1973","2045",4088,2,4,34
"Rebel Lake",67.41667,-149.8,"1973","2045",4672,13,1,46
"Rebel Lake",67.41667,-149.8,"1973","2045",5548,7,0,27
"Rebel Lake",67.41667,-149.8,"1973","2045",5840,6,2,25
"Rebel Lake",67.41667,-149.8,"1973","2045",6424,3,1,19
"Rebel Lake",67.41667,-149.8,"1973","2045",6716,6,0,28
"Rebel Lake",67.41667,-149.8,"1973","2045",7008,9,9,19
"Rebel Lake",67.41667,-149.8,"1973","2045",7300,12,1,26
"Rebel Lake",67.41667,-149.8,"1973","2045",7400,13,2,37
"Rebel Lake",67.41667,-149.8,"1973","2045",7500,14,0,36
"Rebel Lake",67.41667,-149.8,"1973","2045",7600,15,0,46
"Rebel Lake",67.41667,-149.8,"1973","2045",7700,13,0,33
"Rebel Lake",67.41667,-149.8,"1973","2045",7800,12,0,27
"Rebel Lake",67.41667,-149.8,"1973","2045",7900,24,0,53
"Rebel Lake",67.41667,-149.8,"1973","2045",8000,17,0,17
"Rebel Lake",67.41667,-149.8,"1973","2045",8143,34,2,15
"Rebel Lake",67.41667,-149.8,"1973","2045",8357,30,2,12
"Rebel Lake",67.41667,-149.8,"1973","2045",8714,37,2,1
"Rebel Lake",67.41667,-149.8,"1973","2045",9429,36,12,0
"Rebel Lake",67.41667,-149.8,"1973","2045",10143,37,4,0
"Rebel Lake",67.41667,-149.8,"1973","2045",10857,35,9,0
"Rebel Lake",67.41667,-149.8,"1973","2045",11571,29,0,0
"Rebel Lake",67.41667,-149.8,"1973","2045",12286,25,11,0
"Rebel Lake",67.41667,-149.8,"1973","2045",12643,32,5,0
"Rebel Lake",67.41667,-149.8,"1973","2045",13000,91,1,1
"Rebel Lake",67.41667,-149.8,"1973","2045",13214,95,0,0
"Rebel Lake",67.41667,-149.8,"1973","2045",13357,63,1,1
"Rebel Lake",67.41667,-149.8,"1973","2045",13500,92,2,2
"Rebel Lake",67.41667,-149.8,"1973","2045",13714,82,2,1
"Rebel Lake",67.41667,-149.8,"1973","2045",14429,66,0,1
"Rebel Lake",67.41667,-149.8,"1973","2045",15143,17,3,5
"Rebel Lake",67.41667,-149.8,"1973","2045",15857,28,0,8
"Rebel Lake",67.41667,-149.8,"1973","2045",16571,19,0,9
"Rebel Lake",67.41667,-149.8,"1973","2045",17286,13,0,5
"Rebel Lake",67.41667,-149.8,"1973","2045",18000,33,0,0
"Rebel Lake",67.41667,-149.8,"1973","2045",19429,11,2,3
"Rebel Lake",67.41667,-149.8,"1973","2045",20143,26,0,4
"Rebel Lake",67.41667,-149.8,"1973","2045",20857,8,0,3
"Sakana Lake",67.43333,-147.85,"2245","2324",227,21,0,101
"Sakana Lake",67.43333,-147.85,"2245","2324",1136,4,0,10
"Sakana Lake",67.43333,-147.85,"2245","2324",2271,9,1,121
"Sakana Lake",67.43333,-147.85,"2245","2324",3407,12,0,117
"Sakana Lake",67.43333,-147.85,"2245","2324",4542,8,0,167
"Sakana Lake",67.43333,-147.85,"2245","2324",5308,6,0,112
"Sakana Lake",67.43333,-147.85,"2245","2324",6098,7,0,101
"Sakana Lake",67.43333,-147.85,"2245","2324",6492,2,0,82
"Sakana Lake",67.43333,-147.85,"2245","2324",7018,14,0,105
"Sakana Lake",67.43333,-147.85,"2245","2324",7674,8,0,100
"Sakana Lake",67.43333,-147.85,"2245","2324",8002,13,0,88
"Sakana Lake",67.43333,-147.85,"2245","2324",8330,12,1,12
"Sakana Lake",67.43333,-147.85,"2245","2324",8482,41,16,0
"Sakana Lake",67.43333,-147.85,"2245","2324",8786,58,12,0
"Sakana Lake",67.43333,-147.85,"2245","2324",9091,33,57,0
"Sakana Lake",67.43333,-147.85,"2245","2324",9395,30,26,1
"Sakana Lake",67.43333,-147.85,"2245","2324",9699,25,94,1
"Sakana Lake",67.43333,-147.85,"2245","2324",11069,59,56,2
"Sakana Lake",67.43333,-147.85,"2245","2324",12742,24,0,0
"Sakana Lake",67.43333,-147.85,"2245","2324",13046,16,0,0
"Redstone Lake",67.25,-152.6,"1977","2050",0,3,0,40
"Redstone Lake",67.25,-152.6,"1977","2050",371,1,0,19
"Redstone Lake",67.25,-152.6,"1977","2050",1114,1,0,29
"Redstone Lake",67.25,-152.6,"1977","2050",1485,3,0,32
"Redstone Lake",67.25,-152.6,"1977","2050",2227,7,2,26
"Redstone Lake",67.25,-152.6,"1977","2050",2969,3,0,20
"Redstone Lake",67.25,-152.6,"1977","2050",4083,3,4,19
"Redstone Lake",67.25,-152.6,"1977","2050",4825,4,0,23
"Redstone Lake",67.25,-152.6,"1977","2050",5939,3,0,17
"Redstone Lake",67.25,-152.6,"1977","2050",6420,2,0,12
"Redstone Lake",67.25,-152.6,"1977","2050",6750,3,0,7
"Redstone Lake",67.25,-152.6,"1977","2050",6970,3,0,6
"Redstone Lake",67.25,-152.6,"1977","2050",7190,0,0,6
"Redstone Lake",67.25,-152.6,"1977","2050",7410,3,0,6
"Redstone Lake",67.25,-152.6,"1977","2050",7630,1,0,5
"Redstone Lake",67.25,-152.6,"1977","2050",7850,2,0,13
"Redstone Lake",67.25,-152.6,"1977","2050",7892,4,0,11
"Redstone Lake",67.25,-152.6,"1977","2050",7933,3,0,26
"Redstone Lake",67.25,-152.6,"1977","2050",7975,8,0,15
"Redstone Lake",67.25,-152.6,"1977","2050",8017,5,0,19
"Redstone Lake",67.25,-152.6,"1977","2050",8059,1,1,7
"Redstone Lake",67.25,-152.6,"1977","2050",8142,9,1,6
"Redstone Lake",67.25,-152.6,"1977","2050",8225,4,1,12
"Redstone Lake",67.25,-152.6,"1977","2050",8309,5,2,7
"Redstone Lake",67.25,-152.6,"1977","2050",8476,10,9,1
"Redstone Lake",67.25,-152.6,"1977","2050",8684,14,25,0
"Redstone Lake",67.25,-152.6,"1977","2050",8893,48,2,0
"Redstone Lake",67.25,-152.6,"1977","2050",9101,39,0,1
"Redstone Lake",67.25,-152.6,"1977","2050",9310,12,2,0
"Redstone Lake",67.25,-152.6,"1977","2050",9518,10,0,0
"Redstone Lake",67.25,-152.6,"1977","2050",9727,18,0,0
"Redstone Lake",67.25,-152.6,"1977","2050",9935,22,2,0
"Redstone Lake",67.25,-152.6,"1977","2050",10102,23,1,0
"Redstone Lake",67.25,-152.6,"1977","2050",10352,21,0,0
"Redstone Lake",67.25,-152.6,"1977","2050",10561,8,0,0
"Redstone Lake",67.25,-152.6,"1977","2050",10769,28,1,0
"Redstone Lake",67.25,-152.6,"1977","2050",10978,30,0,0
"Redstone Lake",67.25,-152.6,"1977","2050",11186,34,7,0
"Redstone Lake",67.25,-152.6,"1977","2050",11603,32,0,1
"Redstone Lake",67.25,-152.6,"1977","2050",11770,36,2,0
"Redstone Lake",67.25,-152.6,"1977","2050",11978,38,4,0
"Redstone Lake",67.25,-152.6,"1977","2050",12229,37,0,1
"Redstone Lake",67.25,-152.6,"1977","2050",12396,65,1,0
"Redstone Lake",67.25,-152.6,"1977","2050",12646,31,1,0
"Redstone Lake",67.25,-152.6,"1977","2050",13021,40,2,2
"Redstone Lake",67.25,-152.6,"1977","2050",13230,36,4,0
"Redstone Lake",67.25,-152.6,"1977","2050",13438,16,0,1
"Redstone Lake",67.25,-152.6,"1977","2050",13647,17,3,0
"Redstone Lake",67.25,-152.6,"1977","2050",13855,14,1,0
"Redstone Lake",67.25,-152.6,"1977","2050",14064,7,0,2
"Xindi Lake",67.110754,-152.492202,"10102","15189",-53,8,1,297
"Xindi Lake",67.110754,-152.492202,"10102","15189",358,7,0,100
"Xindi Lake",67.110754,-152.492202,"10102","15189",776,4,0,113
"Xindi Lake",67.110754,-152.492202,"10102","15189",1364,6,0,54
"Xindi Lake",67.110754,-152.492202,"10102","15189",2124,8,1,80
"Xindi Lake",67.110754,-152.492202,"10102","15189",2876,8,4,90.5
"Xindi Lake",67.110754,-152.492202,"10102","15189",3586,6,0,73
"Xindi Lake",67.110754,-152.492202,"10102","15189",4461,5,3,61
"Xindi Lake",67.110754,-152.492202,"10102","15189",5072,3,0,64
"Xindi Lake",67.110754,-152.492202,"10102","15189",5341,10,0,86
"Xindi Lake",67.110754,-152.492202,"10102","15189",5525,5,2,52
"Xindi Lake",67.110754,-152.492202,"10102","15189",5700,10,1,25.5
"Xindi Lake",67.110754,-152.492202,"10102","15189",5841,4,4,26
"Xindi Lake",67.110754,-152.492202,"10102","15189",6080,3,2,26
"Xindi Lake",67.110754,-152.492202,"10102","15189",6283,12,0,21
"Xindi Lake",67.110754,-152.492202,"10102","15189",6619,8,7,12
"Xindi Lake",67.110754,-152.492202,"10102","15189",6894,11,2,34
"Xindi Lake",67.110754,-152.492202,"10102","15189",7166,25,1,40
"Xindi Lake",67.110754,-152.492202,"10102","15189",7404,5,4,40
"Xindi Lake",67.110754,-152.492202,"10102","15189",7629,66,49,3
"Xindi Lake",67.110754,-152.492202,"10102","15189",7850,50,47,1
"Xindi Lake",67.110754,-152.492202,"10102","15189",8072,62,69,0
"Xindi Lake",67.110754,-152.492202,"10102","15189",8297,41,57,0
"Xindi Lake",67.110754,-152.492202,"10102","15189",8522,61,44,0
"Xindi Lake",67.110754,-152.492202,"10102","15189",8751,29,62,0
"Xindi Lake",67.110754,-152.492202,"10102","15189",8979,45,57,0
"Xindi Lake",67.110754,-152.492202,"10102","15189",9210,38,55,0
"Xindi Lake",67.110754,-152.492202,"10102","15189",9442,25,31,0
"Xindi Lake",67.110754,-152.492202,"10102","15189",9676,32,40,0
"Xindi Lake",67.110754,-152.492202,"10102","15189",10150,29,40,0
"Xindi Lake",67.110754,-152.492202,"10102","15189",10380,41,33,0
"Xindi Lake",67.110754,-152.492202,"10102","15189",10609,57,12,0
"Xindi Lake",67.110754,-152.492202,"10102","15189",10741,84,14,0
"Xindi Lake",67.110754,-152.492202,"10102","15189",10766,71,7,0
"Xindi Lake",67.110754,-152.492202,"10102","15189",10840,81,0,0
"Xindi Lake",67.110754,-152.492202,"10102","15189",10887,72,4,0
"Xindi Lake",67.110754,-152.492202,"10102","15189",10928,85,0,0
"Xindi Lake",67.110754,-152.492202,"10102","15189",10963,67,1,0
"Xindi Lake",67.110754,-152.492202,"10102","15189",10998,18,0,0
"Xindi Lake",67.110754,-152.492202,"10102","15189",11032,25,1,0
"Xindi Lake",67.110754,-152.492202,"10102","15189",11067,16,1,0
"Xindi Lake",67.110754,-152.492202,"10102","15189",11136,20,0,0
"Xindi Lake",67.110754,-152.492202,"10102","15189",11203,36,0,0
"Xindi Lake",67.110754,-152.492202,"10102","15189",11270,19,0,0
"Xindi Lake",67.110754,-152.492202,"10102","15189",11322,26,0,0
"Xindi Lake",67.110754,-152.492202,"10102","15189",11424,31,0,0
"Xindi Lake",67.110754,-152.492202,"10102","15189",11524,25,0,0
"Xindi Lake",67.110754,-152.492202,"10102","15189",11625,22,0,0
"Xindi Lake",67.110754,-152.492202,"10102","15189",11725,16,0,4
"Xindi Lake",67.110754,-152.492202,"10102","15189",11829,32,0,0
"Xindi Lake",67.110754,-152.492202,"10102","15189",11916,18,0,0
"Xindi Lake",67.110754,-152.492202,"10102","15189",12197,24,0,0
"Xindi Lake",67.110754,-152.492202,"10102","15189",12502,17,0,1
"Xindi Lake",67.110754,-152.492202,"10102","15189",12662,23,0,0
"Xindi Lake",67.110754,-152.492202,"10102","15189",12820,15,0,0
"Xindi Lake",67.110754,-152.492202,"10102","15189",12976,11,0,0
"Xindi Lake",67.110754,-152.492202,"10102","15189",13293,16,0,0
"Xindi Lake",67.110754,-152.492202,"10102","15189",13611,21,0,0
"Xindi Lake",67.110754,-152.492202,"10102","15189",14428,16,1,0
"Xindi Lake",67.110754,-152.492202,"10102","15189",14602,10,0,0
"Xindi Lake",67.110754,-152.492202,"10102","15189",15361,66,0,2
"Xindi Lake",67.110754,-152.492202,"10102","15189",16197,75,0,1
"Xindi Lake",67.110754,-152.492202,"10102","15189",17032,84,0,5
"Xindi Lake",67.110754,-152.492202,"10102","15189",17867,70,0,4
"Ranger Lake",67.14722,-153.65,"1955","2025",0,9,0,60
"Ranger Lake",67.14722,-153.65,"1955","2025",303,5,2,43
"Ranger Lake",67.14722,-153.65,"1955","2025",607,2,0,55
"Ranger Lake",67.14722,-153.65,"1955","2025",910,1,0,47
"Ranger Lake",67.14722,-153.65,"1955","2025",1214,3,0,55
"Ranger Lake",67.14722,-153.65,"1955","2025",1517,1,0,42
"Ranger Lake",67.14722,-153.65,"1955","2025",1972,2,0,74
"Ranger Lake",67.14722,-153.65,"1955","2025",2268,5,0,50
"Ranger Lake",67.14722,-153.65,"1955","2025",2404,4,1,72
"Ranger Lake",67.14722,-153.65,"1955","2025",2540,5,0,47
"Ranger Lake",67.14722,-153.65,"1955","2025",2949,1,0,55
"Ranger Lake",67.14722,-153.65,"1955","2025",3221,8,0,33
"Ranger Lake",67.14722,-153.65,"1955","2025",3493,1,0,69
"Ranger Lake",67.14722,-153.65,"1955","2025",3766,5,3,56
"Ranger Lake",67.14722,-153.65,"1955","2025",4267,1,0,55
"Ranger Lake",67.14722,-153.65,"1955","2025",4504,5,0,65
"Ranger Lake",67.14722,-153.65,"1955","2025",4741,4,0,33
"Ranger Lake",67.14722,-153.65,"1955","2025",5216,4,0,25
"Ranger Lake",67.14722,-153.65,"1955","2025",5453,3,0,25
"Ranger Lake",67.14722,-153.65,"1955","2025",5690,3,0,56
"Ranger Lake",67.14722,-153.65,"1955","2025",5952,2,0,10
"Ranger Lake",67.14722,-153.65,"1955","2025",6213,3,0,11
"Ranger Lake",67.14722,-153.65,"1955","2025",6475,1,0,33
"Ranger Lake",67.14722,-153.65,"1955","2025",6737,0,0,3
"Ranger Lake",67.14722,-153.65,"1955","2025",6998,8,0,12
"Ranger Lake",67.14722,-153.65,"1955","2025",7260,7,1,9
"Ranger Lake",67.14722,-153.65,"1955","2025",7928,7,0,8
"Ranger Lake",67.14722,-153.65,"1955","2025",8596,7,1,5
"Ranger Lake",67.14722,-153.65,"1955","2025",9264,21,8,0
"Ranger Lake",67.14722,-153.65,"1955","2025",9932,32,3,0
"Ranger Lake",67.14722,-153.65,"1955","2025",10600,16,0,0
"Ranger Lake",67.14722,-153.65,"1955","2025",11273,19,1,0
"Ranger Lake",67.14722,-153.65,"1955","2025",11947,29,0,1
"Ranger Lake",67.14722,-153.65,"1955","2025",12620,22,3,0
"Ranger Lake",67.14722,-153.65,"1955","2025",13293,31,0,1
"Ranger Lake",67.14722,-153.65,"1955","2025",13967,37,1,0
"Ranger Lake",67.14722,-153.65,"1955","2025",14640,41,0,0
"Ranger Lake",67.14722,-153.65,"1955","2025",15313,20,0,1
"Ranger Lake",67.14722,-153.65,"1955","2025",15987,35,0,0
"Ranger Lake",67.14722,-153.65,"1955","2025",16660,29,0,0
"Ranger Lake",67.14722,-153.65,"1955","2025",17333,33,3,0
"Ranger Lake",67.14722,-153.65,"1955","2025",18007,42,5,0
"Ranger Lake",67.14722,-153.65,"1955","2025",18680,14,0,1
"Ranger Lake",67.14722,-153.65,"1955","2025",19353,36,0,1
"Ranger Lake",67.14722,-153.65,"1955","2025",20027,35,0,0
"Ranger Lake",67.14722,-153.65,"1955","2025",20700,29,0,2
"Ranger Lake",67.14722,-153.65,"1955","2025",22047,22,4,0
"Ranger Lake",67.14722,-153.65,"1955","2025",22720,18,2,1
"Ranger Lake",67.14722,-153.65,"1955","2025",23393,18,0,4
"Ranger Lake",67.14722,-153.65,"1955","2025",24403,35,0,2
"Ranger Lake",67.14722,-153.65,"1955","2025",25077,22,0,2
"Ranger Lake",67.14722,-153.65,"1955","2025",25750,22,1,1
"Ranger Lake",67.14722,-153.65,"1955","2025",26423,7,0,3
"Ranger Lake",67.14722,-153.65,"1955","2025",27770,20,2,1
"Ranger Lake",67.14722,-153.65,"1955","2025",28443,23,6,0
"Ranger Lake",67.14722,-153.65,"1955","2025",28780,3,2,7
"Ranger Lake",67.14722,-153.65,"1955","2025",29117,2,0,20
"Ranger Lake",67.14722,-153.65,"1955","2025",29453,2,0,14
"Ranger Lake",67.14722,-153.65,"1955","2025",29790,1,1,21
"Ranger Lake",67.14722,-153.65,"1955","2025",30127,1,0,11
"Angal Lake",67.13333,-153.9,"207","208",0,4,1,45
"Angal Lake",67.13333,-153.9,"207","208",333,0,0,38
"Angal Lake",67.13333,-153.9,"207","208",672,5,0,37
"Angal Lake",67.13333,-153.9,"207","208",1017,1,0,24
"Angal Lake",67.13333,-153.9,"207","208",1546,5,0,54
"Angal Lake",67.13333,-153.9,"207","208",1905,5,0,40
"Angal Lake",67.13333,-153.9,"207","208",2271,3,0,26
"Angal Lake",67.13333,-153.9,"207","208",2643,6,0,37
"Angal Lake",67.13333,-153.9,"207","208",3020,2,1,43
"Angal Lake",67.13333,-153.9,"207","208",3404,4,0,41
"Angal Lake",67.13333,-153.9,"207","208",3793,4,0,57
"Angal Lake",67.13333,-153.9,"207","208",4189,3,1,35
"Angal Lake",67.13333,-153.9,"207","208",4590,3,1,47
"Angal Lake",67.13333,-153.9,"207","208",4997,6,0,40
"Angal Lake",67.13333,-153.9,"207","208",5411,1,1,42
"Angal Lake",67.13333,-153.9,"207","208",5830,2,2,32
"Angal Lake",67.13333,-153.9,"207","208",6470,3,1,27
"Angal Lake",67.13333,-153.9,"207","208",6686,1,0,36
"Angal Lake",67.13333,-153.9,"207","208",6904,1,0,17
"Angal Lake",67.13333,-153.9,"207","208",7344,2,0,11
"Angal Lake",67.13333,-153.9,"207","208",7566,1,0,13
"Angal Lake",67.13333,-153.9,"207","208",7789,6,0,4
"Angal Lake",67.13333,-153.9,"207","208",8241,7,0,6
"Angal Lake",67.13333,-153.9,"207","208",8469,1,0,22
"Angal Lake",67.13333,-153.9,"207","208",8699,6,0,23
"Angal Lake",67.13333,-153.9,"207","208",9163,11,0,22
"Angal Lake",67.13333,-153.9,"207","208",9397,5,0,19
"Angal Lake",67.13333,-153.9,"207","208",9869,14,5,2
"Angal Lake",67.13333,-153.9,"207","208",10348,25,11,0
"Angal Lake",67.13333,-153.9,"207","208",10832,31,11,0
"Angal Lake",67.13333,-153.9,"207","208",11323,36,18,0
"Angal Lake",67.13333,-153.9,"207","208",11819,15,1,0
"Angal Lake",67.13333,-153.9,"207","208",12321,15,0,0
"Angal Lake",67.13333,-153.9,"207","208",12830,11,2,0
"Angal Lake",67.13333,-153.9,"207","208",13344,32,1,0
"Angal Lake",67.13333,-153.9,"207","208",13864,29,2,1
"Angal Lake",67.13333,-153.9,"207","208",14126,24,1,1
"Ruppert Lake",67.06667,-154.23333,"2232","2311",657,4,0,88
"Ruppert Lake",67.06667,-154.23333,"2232","2311",986,8,4,66
"Ruppert Lake",67.06667,-154.23333,"2232","2311",1314,4,1,63
"Ruppert Lake",67.06667,-154.23333,"2232","2311",1643,7,0,110
"Ruppert Lake",67.06667,-154.23333,"2232","2311",1908,4,0,102
"Ruppert Lake",67.06667,-154.23333,"2232","2311",2078,4,0,69
"Ruppert Lake",67.06667,-154.23333,"2232","2311",2248,2,1,85
"Ruppert Lake",67.06667,-154.23333,"2232","2311",2418,2,0,96
"Ruppert Lake",67.06667,-154.23333,"2232","2311",3472,3,0,102
"Ruppert Lake",67.06667,-154.23333,"2232","2311",3608,1,0,65
"Ruppert Lake",67.06667,-154.23333,"2232","2311",3854,0,0,69
"Ruppert Lake",67.06667,-154.23333,"2232","2311",4213,1,1,79
"Ruppert Lake",67.06667,-154.23333,"2232","2311",4572,4,0,58
"Ruppert Lake",67.06667,-154.23333,"2232","2311",4931,1,0,68
"Ruppert Lake",67.06667,-154.23333,"2232","2311",5197,4,2,29
"Ruppert Lake",67.06667,-154.23333,"2232","2311",5370,0,0,30
"Ruppert Lake",67.06667,-154.23333,"2232","2311",5544,3,1,9
"Ruppert Lake",67.06667,-154.23333,"2232","2311",5891,2,0,8
"Ruppert Lake",67.06667,-154.23333,"2232","2311",6238,2,0,5
"Ruppert Lake",67.06667,-154.23333,"2232","2311",6412,2,0,3
"Ruppert Lake",67.06667,-154.23333,"2232","2311",6586,3,1,2
"Ruppert Lake",67.06667,-154.23333,"2232","2311",6759,13,4,19
"Ruppert Lake",67.06667,-154.23333,"2232","2311",6933,5,3,7
"Ruppert Lake",67.06667,-154.23333,"2232","2311",7106,6,1,14
"Ruppert Lake",67.06667,-154.23333,"2232","2311",7280,15,4,21
"Ruppert Lake",67.06667,-154.23333,"2232","2311",7380,9,1,13
"Ruppert Lake",67.06667,-154.23333,"2232","2311",7448,12,0,4
"Ruppert Lake",67.06667,-154.23333,"2232","2311",7716,2,3,12
"Ruppert Lake",67.06667,-154.23333,"2232","2311",7782,8,1,3
"Ruppert Lake",67.06667,-154.23333,"2232","2311",7816,2,5,26
"Ruppert Lake",67.06667,-154.23333,"2232","2311",7850,4,0,31
"Ruppert Lake",67.06667,-154.23333,"2232","2311",7950,15,0,36
"Ruppert Lake",67.06667,-154.23333,"2232","2311",8001,7,0,32
"Ruppert Lake",67.06667,-154.23333,"2232","2311",8079,10,2,5
"Ruppert Lake",67.06667,-154.23333,"2232","2311",8207,15,0,1
"Ruppert Lake",67.06667,-154.23333,"2232","2311",8465,15,5,5
"Ruppert Lake",67.06667,-154.23333,"2232","2311",8722,21,18,3
"Ruppert Lake",67.06667,-154.23333,"2232","2311",9237,17,8,2
"Ruppert Lake",67.06667,-154.23333,"2232","2311",9366,0,47,1
"Ruppert Lake",67.06667,-154.23333,"2232","2311",9495,23,39,0
"Ruppert Lake",67.06667,-154.23333,"2232","2311",9752,40,77,0
"Ruppert Lake",67.06667,-154.23333,"2232","2311",10010,18,58,0
"Ruppert Lake",67.06667,-154.23333,"2232","2311",10293,49,96,0
"Ruppert Lake",67.06667,-154.23333,"2232","2311",10514,25,63,0
"Ruppert Lake",67.06667,-154.23333,"2232","2311",10755,69,7,0
"Ruppert Lake",67.06667,-154.23333,"2232","2311",11236,29,0,0
"Ruppert Lake",67.06667,-154.23333,"2232","2311",11477,14,0,0
"Ruppert Lake",67.06667,-154.23333,"2232","2311",11958,29,0,1
"Ruppert Lake",67.06667,-154.23333,"2232","2311",12320,34,0,0
"Ruppert Lake",67.06667,-154.23333,"2232","2311",12607,15,0,0
"Ruppert Lake",67.06667,-154.23333,"2232","2311",12650,25,0,0
"Ruppert Lake",67.06667,-154.23333,"2232","2311",12693,54,0,0
"Ruppert Lake",67.06667,-154.23333,"2232","2311",12736,43,0,1
"Ruppert Lake",67.06667,-154.23333,"2232","2311",12779,48,0,1
"Ruppert Lake",67.06667,-154.23333,"2232","2311",12994,29,0,2
"Minakokosa Lake",66.91667,-155.03333,"1699","1755",476,4,0,115
"Minakokosa Lake",66.91667,-155.03333,"1699","1755",952,1,1,104
"Minakokosa Lake",66.91667,-155.03333,"1699","1755",1427,3,2,90
"Minakokosa Lake",66.91667,-155.03333,"1699","1755",1903,4,0,108
"Minakokosa Lake",66.91667,-155.03333,"1699","1755",2379,4,0,98
"Minakokosa Lake",66.91667,-155.03333,"1699","1755",2855,4,0,85
"Minakokosa Lake",66.91667,-155.03333,"1699","1755",3331,8,0,94
"Minakokosa Lake",66.91667,-155.03333,"1699","1755",3806,5,2,125
"Minakokosa Lake",66.91667,-155.03333,"1699","1755",4282,10,3,76
"Minakokosa Lake",66.91667,-155.03333,"1699","1755",4612,9,4,113
"Minakokosa Lake",66.91667,-155.03333,"1699","1755",4797,2,0,47
"Minakokosa Lake",66.91667,-155.03333,"1699","1755",4981,5,0,16
"Minakokosa Lake",66.91667,-155.03333,"1699","1755",5166,4,0,100
"Minakokosa Lake",66.91667,-155.03333,"1699","1755",5350,9,1,40
"Minakokosa Lake",66.91667,-155.03333,"1699","1755",5535,6,2,80
"Minakokosa Lake",66.91667,-155.03333,"1699","1755",5720,3,4,90
"Minakokosa Lake",66.91667,-155.03333,"1699","1755",5904,3,0,48
"Minakokosa Lake",66.91667,-155.03333,"1699","1755",6089,3,1,63
"Minakokosa Lake",66.91667,-155.03333,"1699","1755",6273,4,0,22
"Minakokosa Lake",66.91667,-155.03333,"1699","1755",6458,3,0,9
"Minakokosa Lake",66.91667,-155.03333,"1699","1755",6642,8,0,26
"Minakokosa Lake",66.91667,-155.03333,"1699","1755",7011,7,2,46
"Minakokosa Lake",66.91667,-155.03333,"1699","1755",7196,5,2,16
"Minakokosa Lake",66.91667,-155.03333,"1699","1755",7380,5,0,50
"Minakokosa Lake",66.91667,-155.03333,"1699","1755",7565,12,7,16
"Minakokosa Lake",66.91667,-155.03333,"1699","1755",7750,0,1,10
"Minakokosa Lake",66.91667,-155.03333,"1699","1755",7934,8,5,26
"Minakokosa Lake",66.91667,-155.03333,"1699","1755",8119,5,0,39
"Minakokosa Lake",66.91667,-155.03333,"1699","1755",8303,16,8,13
"Minakokosa Lake",66.91667,-155.03333,"1699","1755",8488,13,5,15
"Minakokosa Lake",66.91667,-155.03333,"1699","1755",8729,12,3,45
"Minakokosa Lake",66.91667,-155.03333,"1699","1755",9324,24,7,63
"Minakokosa Lake",66.91667,-155.03333,"1699","1755",9621,20,19,13
"Minakokosa Lake",66.91667,-155.03333,"1699","1755",9951,45,13,3
"Minakokosa Lake",66.91667,-155.03333,"1699","1755",10312,44,31,5
"Minakokosa Lake",66.91667,-155.03333,"1699","1755",10673,47,27,0
"Minakokosa Lake",66.91667,-155.03333,"1699","1755",11396,65,44,0
"Minakokosa Lake",66.91667,-155.03333,"1699","1755",11757,51,12,1
"Minakokosa Lake",66.91667,-155.03333,"1699","1755",12119,74,3,0
"Minakokosa Lake",66.91667,-155.03333,"1699","1755",12480,20,13,0
"Minakokosa Lake",66.91667,-155.03333,"1699","1755",12841,52,8,0
"Minakokosa Lake",66.91667,-155.03333,"1699","1755",13203,29,7,3
"Minakokosa Lake",66.91667,-155.03333,"1699","1755",13564,36,1,0
"Minakokosa Lake",66.91667,-155.03333,"1699","1755",13925,48,0,1
"Minakokosa Lake",66.91667,-155.03333,"1699","1755",14287,41,7,1
"Minakokosa Lake",66.91667,-155.03333,"1699","1755",14648,26,14,2
"Minakokosa Lake",66.91667,-155.03333,"1699","1755",15009,26,3,2
"Minakokosa Lake",66.91667,-155.03333,"1699","1755",15211,46,23,2
"Minakokosa Lake",66.91667,-155.03333,"1699","1755",15335,43,3,6
"Minakokosa Lake",66.91667,-155.03333,"1699","1755",15418,53,0,2
"Minakokosa Lake",66.91667,-155.03333,"1699","1755",15585,40,0,4
"Minakokosa Lake",66.91667,-155.03333,"1699","1755",15668,39,0,4
"Minakokosa Lake",66.91667,-155.03333,"1699","1755",15751,24,0,8
"Minakokosa Lake",66.91667,-155.03333,"1699","1755",15855,18,0,5
"Minakokosa Lake",66.91667,-155.03333,"1699","1755",16000,24,0,3
"Kollioksak",66.96667,-156.45,"1503","1541",1693,7,0,23
"Kollioksak",66.96667,-156.45,"1503","1541",2540,9,0,29
"Kollioksak",66.96667,-156.45,"1503","1541",2703,6,0,14
"Kollioksak",66.96667,-156.45,"1503","1541",2866,8,1,42
"Kollioksak",66.96667,-156.45,"1503","1541",3030,1,0,38
"Kollioksak",66.96667,-156.45,"1503","1541",3193,5,0,55
"Kollioksak",66.96667,-156.45,"1503","1541",3356,2,0,22
"Kollioksak",66.96667,-156.45,"1503","1541",3519,5,1,30
"Kollioksak",66.96667,-156.45,"1503","1541",3682,1,0,18
"Kollioksak",66.96667,-156.45,"1503","1541",3846,2,0,89
"Kollioksak",66.96667,-156.45,"1503","1541",4009,0,0,60
"Kollioksak",66.96667,-156.45,"1503","1541",4172,2,0,18
"Kollioksak",66.96667,-156.45,"1503","1541",4335,6,1,32
"Kollioksak",66.96667,-156.45,"1503","1541",4498,2,1,42
"Kollioksak",66.96667,-156.45,"1503","1541",4662,6,0,28
"Kollioksak",66.96667,-156.45,"1503","1541",4825,3,1,26
"Kollioksak",66.96667,-156.45,"1503","1541",4988,8,0,8
"Kollioksak",66.96667,-156.45,"1503","1541",5151,2,0,20
"Kollioksak",66.96667,-156.45,"1503","1541",5314,3,1,34
"Kollioksak",66.96667,-156.45,"1503","1541",5478,1,0,28
"Kollioksak",66.96667,-156.45,"1503","1541",5641,3,3,15
"Kollioksak",66.96667,-156.45,"1503","1541",5804,1,10,28
"Kollioksak",66.96667,-156.45,"1503","1541",5967,2,8,28
"Kollioksak",66.96667,-156.45,"1503","1541",6130,6,0,30
"Kollioksak",66.96667,-156.45,"1503","1541",6294,0,0,9
"Kollioksak",66.96667,-156.45,"1503","1541",6457,0,0,15
"Kollioksak",66.96667,-156.45,"1503","1541",6620,4,0,17
"Kollioksak",66.96667,-156.45,"1503","1541",6838,2,0,6
"Kollioksak",66.96667,-156.45,"1503","1541",7057,5,0,10
"Kollioksak",66.96667,-156.45,"1503","1541",7275,4,2,1
"Kollioksak",66.96667,-156.45,"1503","1541",7494,2,0,4
"Kollioksak",66.96667,-156.45,"1503","1541",7712,4,0,6
"Kollioksak",66.96667,-156.45,"1503","1541",7930,3,0,4
"Kollioksak",66.96667,-156.45,"1503","1541",8149,6,0,4
"Kollioksak",66.96667,-156.45,"1503","1541",8367,2,1,9
"Kollioksak",66.96667,-156.45,"1503","1541",8586,2,0,4
"Kollioksak",66.96667,-156.45,"1503","1541",8804,5,1,2
"Kollioksak",66.96667,-156.45,"1503","1541",9022,10,0,7
"Kollioksak",66.96667,-156.45,"1503","1541",9241,6,0,3
"Kollioksak",66.96667,-156.45,"1503","1541",9350,29,17,1
"Kollioksak",66.96667,-156.45,"1503","1541",9949,11,10,5
"Kollioksak",66.96667,-156.45,"1503","1541",11146,7,4,11
"Kollioksak",66.96667,-156.45,"1503","1541",12344,15,1,4
"Kollioksak",66.96667,-156.45,"1503","1541",13541,16,7,3
"Kollioksak",66.96667,-156.45,"1503","1541",14140,16,0,10
"Kollioksak",66.96667,-156.45,"1503","1541",14739,37,6,0
"Kollioksak",66.96667,-156.45,"1503","1541",15098,15,4,5
"Joe Lake",66.76667,-157.21667,"1355","1390",0,5,1,47
"Joe Lake",66.76667,-157.21667,"1355","1390",715,8,1,17
"Joe Lake",66.76667,-157.21667,"1355","1390",1430,8,0,33
"Joe Lake",66.76667,-157.21667,"1355","1390",2145,4,0,34
"Joe Lake",66.76667,-157.21667,"1355","1390",2860,4,0,20
"Joe Lake",66.76667,-157.21667,"1355","1390",3574,9,0,39
"Joe Lake",66.76667,-157.21667,"1355","1390",4289,6,0,15
"Joe Lake",66.76667,-157.21667,"1355","1390",5004,5,0,32
"Joe Lake",66.76667,-157.21667,"1355","1390",5719,7,1,14
"Joe Lake",66.76667,-157.21667,"1355","1390",6314,3,0,3
"Joe Lake",66.76667,-157.21667,"1355","1390",7860,6,3,4
"Joe Lake",66.76667,-157.21667,"1355","1390",8086,1,0,3
"Joe Lake",66.76667,-157.21667,"1355","1390",8311,3,0,2
"Joe Lake",66.76667,-157.21667,"1355","1390",8537,4,0,1
"Joe Lake",66.76667,-157.21667,"1355","1390",8763,9,4,2
"Joe Lake",66.76667,-157.21667,"1355","1390",8989,19,4,1
"Joe Lake",66.76667,-157.21667,"1355","1390",9214,14,2,3
"Joe Lake",66.76667,-157.21667,"1355","1390",9492,28,1,4
"Joe Lake",66.76667,-157.21667,"1355","1390",9598,18,7,4
"Joe Lake",66.76667,-157.21667,"1355","1390",9702,20,5,2
"Joe Lake",66.76667,-157.21667,"1355","1390",9808,13,10,11
"Joe Lake",66.76667,-157.21667,"1355","1390",9912,22,19,2
"Joe Lake",66.76667,-157.21667,"1355","1390",10018,34,26,1
"Joe Lake",66.76667,-157.21667,"1355","1390",10122,41,45,0
"Joe Lake",66.76667,-157.21667,"1355","1390",10228,54,77,1
"Joe Lake",66.76667,-157.21667,"1355","1390",10332,34,66,1
"Joe Lake",66.76667,-157.21667,"1355","1390",10438,40,25,0
"Joe Lake",66.76667,-157.21667,"1355","1390",10570,61,14,0
"Joe Lake",66.76667,-157.21667,"1355","1390",10730,76,0,0
"Joe Lake",66.76667,-157.21667,"1355","1390",10889,33,0,0
"Joe Lake",66.76667,-157.21667,"1355","1390",11049,22,2,0
"Joe Lake",66.76667,-157.21667,"1355","1390",11208,36,0,0
"Joe Lake",66.76667,-157.21667,"1355","1390",11368,30,0,1
"Joe Lake",66.76667,-157.21667,"1355","1390",11528,29,0,0
"Joe Lake",66.76667,-157.21667,"1355","1390",11687,24,0,3
"Joe Lake",66.76667,-157.21667,"1355","1390",11847,19,0,1
"Joe Lake",66.76667,-157.21667,"1355","1390",12007,21,0,1
"Joe Lake",66.76667,-157.21667,"1355","1390",12166,33,1,0
"Joe Lake",66.76667,-157.21667,"1355","1390",12326,35,2,0
"Joe Lake",66.76667,-157.21667,"1355","1390",12486,28,1,1
"Joe Lake",66.76667,-157.21667,"1355","1390",12645,21,0,0
"Joe Lake",66.76667,-157.21667,"1355","1390",12862,103,0,1
"Joe Lake",66.76667,-157.21667,"1355","1390",13249,161,0,0
"Joe Lake",66.76667,-157.21667,"1355","1390",13637,86,0,2
"Joe Lake",66.76667,-157.21667,"1355","1390",14024,48,2,14
"Joe Lake",66.76667,-157.21667,"1355","1390",14397,56,3,2
"Joe Lake",66.76667,-157.21667,"1355","1390",15638,46,0,2
"Joe Lake",66.76667,-157.21667,"1355","1390",17754,25,0,2
"Joe Lake",66.76667,-157.21667,"1355","1390",19870,25,0,2
"Joe Lake",66.76667,-157.21667,"1355","1390",21986,19,0,1
"Joe Lake",66.76667,-157.21667,"1355","1390",24102,26,0,4
"Joe Lake",66.76667,-157.21667,"1355","1390",25280,28,0,4
"Joe Lake",66.76667,-157.21667,"1355","1390",25760,34,0,1
"Joe Lake",66.76667,-157.21667,"1355","1390",26000,49,0,2
"Joe Lake",66.76667,-157.21667,"1355","1390",26522,33,0,1
"Joe Lake",66.76667,-157.21667,"1355","1390",27043,40,0,2
"Joe Lake",66.76667,-157.21667,"1355","1390",27565,29,0,2
"Joe Lake",66.76667,-157.21667,"1355","1390",28087,37,0,0
"Joe Lake",66.76667,-157.21667,"1355","1390",28609,37,0,1
"Joe Lake",66.76667,-157.21667,"1355","1390",29130,37,0,0
"Joe Lake",66.76667,-157.21667,"1355","1390",29652,25,0,2
"Joe Lake",66.76667,-157.21667,"1355","1390",30136,29,0,2
"Joe Lake",66.76667,-157.21667,"1355","1390",30563,23,1,0
"Joe Lake",66.76667,-157.21667,"1355","1390",30990,18,1,1
"Joe Lake",66.76667,-157.21667,"1355","1390",31417,36,0,2
"Joe Lake",66.76667,-157.21667,"1355","1390",31844,23,0,1
"Joe Lake",66.76667,-157.21667,"1355","1390",32272,28,3,2
"Joe Lake",66.76667,-157.21667,"1355","1390",32699,37,0,2
"Joe Lake",66.76667,-157.21667,"1355","1390",33553,39,0,5
"Joe Lake",66.76667,-157.21667,"1355","1390",33980,31,0,2
"Joe Lake",66.76667,-157.21667,"1355","1390",34407,26,0,4
"Joe Lake",66.76667,-157.21667,"1355","1390",35262,32,0,1
"Joe Lake",66.76667,-157.21667,"1355","1390",35689,42,0,1
"Joe Lake",66.76667,-157.21667,"1355","1390",36116,30,0,3
"Joe Lake",66.76667,-157.21667,"1355","1390",36543,53,1,0
"Joe Lake",66.76667,-157.21667,"1355","1390",36970,23,0,5
"Joe Lake",66.76667,-157.21667,"1355","1390",37824,66,0,2
"Joe Lake",66.76667,-157.21667,"1355","1390",38251,106,0,5
"Joe Lake",66.76667,-157.21667,"1355","1390",38678,47,0,3
"Joe Lake",66.76667,-157.21667,"1355","1390",39106,40,0,3
"Joe Lake",66.76667,-157.21667,"1355","1390",39960,34,0,2
"Joe Lake",66.76667,-157.21667,"1355","1390",40814,85,0,3
"Joe Lake",66.76667,-157.21667,"1355","1390",41668,50,0,7
"Joe Lake",66.76667,-157.21667,"1355","1390",42096,67,0,6
"Joe Lake",66.76667,-157.21667,"1355","1390",42950,41,0,4
"Joe Lake",66.76667,-157.21667,"1355","1390",43377,60,0,13
"Joe Lake",66.76667,-157.21667,"1355","1390",43804,43,0,4
"Tiinkdhul Lake",66.58333,-143.15,"2551","2642",48,9,1,118
"Tiinkdhul Lake",66.58333,-143.15,"2551","2642",238,22,0,168
"Tiinkdhul Lake",66.58333,-143.15,"2551","2642",476,12,0,109
"Tiinkdhul Lake",66.58333,-143.15,"2551","2642",714,15,0,100
"Tiinkdhul Lake",66.58333,-143.15,"2551","2642",952,12,2,100
"Tiinkdhul Lake",66.58333,-143.15,"2551","2642",1190,17,2,90
"Tiinkdhul Lake",66.58333,-143.15,"2551","2642",1428,17,1,99
"Tiinkdhul Lake",66.58333,-143.15,"2551","2642",1666,11,2,114
"Tiinkdhul Lake",66.58333,-143.15,"2551","2642",1904,14,0,89
"Tiinkdhul Lake",66.58333,-143.15,"2551","2642",2142,8,0,112
"Tiinkdhul Lake",66.58333,-143.15,"2551","2642",2380,14,0,84
"Tiinkdhul Lake",66.58333,-143.15,"2551","2642",2815,6,0,94
"Tiinkdhul Lake",66.58333,-143.15,"2551","2642",3249,6,1,94
"Tiinkdhul Lake",66.58333,-143.15,"2551","2642",3684,9,0,121
"Tiinkdhul Lake",66.58333,-143.15,"2551","2642",4119,7,1,115
"Tiinkdhul Lake",66.58333,-143.15,"2551","2642",4553,7,0,119
"Tiinkdhul Lake",66.58333,-143.15,"2551","2642",4988,8,0,98
"Tiinkdhul Lake",66.58333,-143.15,"2551","2642",5423,2,0,77
"Tiinkdhul Lake",66.58333,-143.15,"2551","2642",5857,13,0,79
"Tiinkdhul Lake",66.58333,-143.15,"2551","2642",6292,7,0,86
"Tiinkdhul Lake",66.58333,-143.15,"2551","2642",6727,8,0,64
"Tiinkdhul Lake",66.58333,-143.15,"2551","2642",7118,11,3,47
"Tiinkdhul Lake",66.58333,-143.15,"2551","2642",7335,21,5,78
"Tiinkdhul Lake",66.58333,-143.15,"2551","2642",7770,12,0,25
"Tiinkdhul Lake",66.58333,-143.15,"2551","2642",7836,13,5,31
"Tiinkdhul Lake",66.58333,-143.15,"2551","2642",7903,33,31,2
"Tiinkdhul Lake",66.58333,-143.15,"2551","2642",7969,34,48,0
"Tiinkdhul Lake",66.58333,-143.15,"2551","2642",8036,36,29,0
"Tiinkdhul Lake",66.58333,-143.15,"2551","2642",8102,28,21,1
"Tiinkdhul Lake",66.58333,-143.15,"2551","2642",8248,36,45,2
"Tiinkdhul Lake",66.58333,-143.15,"2551","2642",8381,27,44,0
"Tiinkdhul Lake",66.58333,-143.15,"2551","2642",8514,37,14,0
"Tiinkdhul Lake",66.58333,-143.15,"2551","2642",8647,27,56,1
"Tiinkdhul Lake",66.58333,-143.15,"2551","2642",8779,31,58,0
"Tiinkdhul Lake",66.58333,-143.15,"2551","2642",8912,20,52,0
"Tiinkdhul Lake",66.58333,-143.15,"2551","2642",9045,40,27,0
"Tiinkdhul Lake",66.58333,-143.15,"2551","2642",9178,46,38,0
"Tiinkdhul Lake",66.58333,-143.15,"2551","2642",9311,31,31,0
"Tiinkdhul Lake",66.58333,-143.15,"2551","2642",9444,80,24,0
"Tiinkdhul Lake",66.58333,-143.15,"2551","2642",9725,74,4,0
"Tiinkdhul Lake",66.58333,-143.15,"2551","2642",10154,14,0,0
"Tiinkdhul Lake",66.58333,-143.15,"2551","2642",10583,35,0,2
"Tiinkdhul Lake",66.58333,-143.15,"2551","2642",11012,31,0,0
"Tiinkdhul Lake",66.58333,-143.15,"2551","2642",11442,22,0,0
"Tiinkdhul Lake",66.58333,-143.15,"2551","2642",11871,21,0,1
"Tiinkdhul Lake",66.58333,-143.15,"2551","2642",12300,33,0,3
"Tiinkdhul Lake",66.58333,-143.15,"2551","2642",12952,38,0,2
"Tiinkdhul Lake",66.58333,-143.15,"2551","2642",13604,52,0,1
"Tiinkdhul Lake",66.58333,-143.15,"2551","2642",14302,30,0,1
"Tiinkdhul Lake",66.58333,-143.15,"2551","2642",15047,41,0,6
"Tiinkdhul Lake",66.58333,-143.15,"2551","2642",15791,23,0,4
"Tiinkdhul Lake",66.58333,-143.15,"2551","2642",16536,27,0,8
"Tiinkdhul Lake",66.58333,-143.15,"2551","2642",17280,48,0,7
"Tiinkdhul Lake",66.58333,-143.15,"2551","2642",18024,2,0,2
"Tiinkdhul Lake",66.58333,-143.15,"2551","2642",18769,8,0,2
"Tiinkdhul Lake",66.58333,-143.15,"2551","2642",19513,2,0,3
"Screaming Lynx Lake",66.068048,-145.406216,"13690","20872",-44,10,3,70
"Screaming Lynx Lake",66.068048,-145.406216,"13690","20872",327,10,0,95
"Screaming Lynx Lake",66.068048,-145.406216,"13690","20872",473,10,4,66
"Screaming Lynx Lake",66.068048,-145.406216,"13690","20872",573,13,2,71
"Screaming Lynx Lake",66.068048,-145.406216,"13690","20872",700,17,5,69
"Screaming Lynx Lake",66.068048,-145.406216,"13690","20872",956,13,3,34
"Screaming Lynx Lake",66.068048,-145.406216,"13690","20872",1208,14,0,55
"Screaming Lynx Lake",66.068048,-145.406216,"13690","20872",1419,9,1,75
"Screaming Lynx Lake",66.068048,-145.406216,"13690","20872",1582,7,3,70
"Screaming Lynx Lake",66.068048,-145.406216,"13690","20872",1978,7,0,68
"Screaming Lynx Lake",66.068048,-145.406216,"13690","20872",2187,11,0,56
"Screaming Lynx Lake",66.068048,-145.406216,"13690","20872",2433,12,0,57
"Screaming Lynx Lake",66.068048,-145.406216,"13690","20872",2796,13,0,89
"Screaming Lynx Lake",66.068048,-145.406216,"13690","20872",2974,9,1,69
"Screaming Lynx Lake",66.068048,-145.406216,"13690","20872",3108,8,1,62
"Screaming Lynx Lake",66.068048,-145.406216,"13690","20872",3212,12,2,56
"Screaming Lynx Lake",66.068048,-145.406216,"13690","20872",3328,11,0,86
"Screaming Lynx Lake",66.068048,-145.406216,"13690","20872",3421,4,0,72
"Screaming Lynx Lake",66.068048,-145.406216,"13690","20872",3516,10,4,35
"Screaming Lynx Lake",66.068048,-145.406216,"13690","20872",3601,12,0,69
"Screaming Lynx Lake",66.068048,-145.406216,"13690","20872",3705,13,1,37
"Screaming Lynx Lake",66.068048,-145.406216,"13690","20872",3825,13,1,30
"Screaming Lynx Lake",66.068048,-145.406216,"13690","20872",3944,11,1,43
"Screaming Lynx Lake",66.068048,-145.406216,"13690","20872",4058,16,0,58
"Screaming Lynx Lake",66.068048,-145.406216,"13690","20872",4176,5,1,46
"Screaming Lynx Lake",66.068048,-145.406216,"13690","20872",4301,15,0,65
"Screaming Lynx Lake",66.068048,-145.406216,"13690","20872",4458,3,1,53
"Screaming Lynx Lake",66.068048,-145.406216,"13690","20872",4655,10,1,24
"Screaming Lynx Lake",66.068048,-145.406216,"13690","20872",4861,2,4,42
"Screaming Lynx Lake",66.068048,-145.406216,"13690","20872",5128,2,0,25
"Screaming Lynx Lake",66.068048,-145.406216,"13690","20872",5499,5,1,17
"Screaming Lynx Lake",66.068048,-145.406216,"13690","20872",6064,8,2,32
"Screaming Lynx Lake",66.068048,-145.406216,"13690","20872",6564,6,1,37
"Screaming Lynx Lake",66.068048,-145.406216,"13690","20872",7406,9,1,45
"Screaming Lynx Lake",66.068048,-145.406216,"13690","20872",7773,5,13,42
"Screaming Lynx Lake",66.068048,-145.406216,"13690","20872",8475,6,3,20
"Screaming Lynx Lake",66.068048,-145.406216,"13690","20872",8797,8,8,29
"Screaming Lynx Lake",66.068048,-145.406216,"13690","20872",9014,10,18,26
"Screaming Lynx Lake",66.068048,-145.406216,"13690","20872",9200,12,27,9
"Screaming Lynx Lake",66.068048,-145.406216,"13690","20872",9299,24,64,36
"Screaming Lynx Lake",66.068048,-145.406216,"13690","20872",9699,10,13,0
"Screaming Lynx Lake",66.068048,-145.406216,"13690","20872",9941,15,58,2
"Screaming Lynx Lake",66.068048,-145.406216,"13690","20872",10074,4,12,2
"Screaming Lynx Lake",66.068048,-145.406216,"13690","20872",10580,4,7,1
"Sands of Time Lake",66.027922,-147.556308,"11575","17328",-31,4,1,108
"Sands of Time Lake",66.027922,-147.556308,"11575","17328",678,16,0,112
"Sands of Time Lake",66.027922,-147.556308,"11575","17328",1293,22,0,109
"Sands of Time Lake",66.027922,-147.556308,"11575","17328",1698,29,1,81
"Sands of Time Lake",66.027922,-147.556308,"11575","17328",2134,7,0,65
"Sands of Time Lake",66.027922,-147.556308,"11575","17328",2623,9,0,59
"Sands of Time Lake",66.027922,-147.556308,"11575","17328",3145,14,1,93
"Sands of Time Lake",66.027922,-147.556308,"11575","17328",3661,11,1,102
"Sands of Time Lake",66.027922,-147.556308,"11575","17328",4155,3,3,59
"Sands of Time Lake",66.027922,-147.556308,"11575","17328",4558,3,5,115
"Sands of Time Lake",66.027922,-147.556308,"11575","17328",4973,5,1,89
"Sands of Time Lake",66.027922,-147.556308,"11575","17328",5397,3,3,57
"Sands of Time Lake",66.027922,-147.556308,"11575","17328",5801,6,0,62
"Sands of Time Lake",66.027922,-147.556308,"11575","17328",6249,5,2,48
"Sands of Time Lake",66.027922,-147.556308,"11575","17328",6754,1,0,36
"Sands of Time Lake",66.027922,-147.556308,"11575","17328",7244,13,0,26
"Sands of Time Lake",66.027922,-147.556308,"11575","17328",7764,3,0,23
"Sands of Time Lake",66.027922,-147.556308,"11575","17328",8270,12,2,39
"Sands of Time Lake",66.027922,-147.556308,"11575","17328",8833,11,6,49
"Sands of Time Lake",66.027922,-147.556308,"11575","17328",9651,4,14,31
"Sands of Time Lake",66.027922,-147.556308,"11575","17328",10092,17,11,62
"Sands of Time Lake",66.027922,-147.556308,"11575","17328",10441,45,84,6
"Sands of Time Lake",66.027922,-147.556308,"11575","17328",11290,38,50,1
"Sands of Time Lake",66.027922,-147.556308,"11575","17328",12267,24,65,1
"Sands of Time Lake",66.027922,-147.556308,"11575","17328",13128,82,3,0
"Sands of Time Lake",66.027922,-147.556308,"11575","17328",13750,9,0,0
"Sands of Time Lake",66.027922,-147.556308,"11575","17328",15321,48,0,4
"Sands of Time Lake",66.027922,-147.556308,"11575","17328",16858,30,1,3
"Sands of Time Lake",66.027922,-147.556308,"11575","17328",17733,23,0,4
"Sands of Time Lake",66.027922,-147.556308,"11575","17328",18644,45,0,1
"Sands of Time Lake",66.027922,-147.556308,"11575","17328",19555,31,0,6
"Sands of Time Lake",66.027922,-147.556308,"11575","17328",20464,20,0,5
"Sands of Time Lake",66.027922,-147.556308,"11575","17328",23293,20,0,7
"Sands of Time Lake",66.027922,-147.556308,"11575","17328",25238,7,0,18
"Sands of Time Lake",66.027922,-147.556308,"11575","17328",26520,23,0,16
"Sithylemenkat Lake",66.121544,-151.398584,"11579","17338",172,1,0,106
"Sithylemenkat Lake",66.121544,-151.398584,"11579","17338",443,5,0,26
"Sithylemenkat Lake",66.121544,-151.398584,"11579","17338",914,8,0,51
"Sithylemenkat Lake",66.121544,-151.398584,"11579","17338",1841,1,0,26
"Sithylemenkat Lake",66.121544,-151.398584,"11579","17338",2127,2,0,24
"Sithylemenkat Lake",66.121544,-151.398584,"11579","17338",2408,3,0,31
"Sithylemenkat Lake",66.121544,-151.398584,"11579","17338",2690,3,0,33
"Sithylemenkat Lake",66.121544,-151.398584,"11579","17338",2975,3,0,48
"Sithylemenkat Lake",66.121544,-151.398584,"11579","17338",3258,3,0,44
"Sithylemenkat Lake",66.121544,-151.398584,"11579","17338",3537,3,0,37
"Sithylemenkat Lake",66.121544,-151.398584,"11579","17338",3819,1,1,40
"Sithylemenkat Lake",66.121544,-151.398584,"11579","17338",4099,0,0,46
"Sithylemenkat Lake",66.121544,-151.398584,"11579","17338",4373,1,0,31
"Sithylemenkat Lake",66.121544,-151.398584,"11579","17338",4653,2,0,40
"Sithylemenkat Lake",66.121544,-151.398584,"11579","17338",4930,0,0,39
"Sithylemenkat Lake",66.121544,-151.398584,"11579","17338",5213,2,1,26
"Sithylemenkat Lake",66.121544,-151.398584,"11579","17338",5493,3,0,46
"Sithylemenkat Lake",66.121544,-151.398584,"11579","17338",5892,2,0,25
"Sithylemenkat Lake",66.121544,-151.398584,"11579","17338",6319,0,0,20
"Sithylemenkat Lake",66.121544,-151.398584,"11579","17338",6749,1,0,18
"Sithylemenkat Lake",66.121544,-151.398584,"11579","17338",7179,1,0,14
"Sithylemenkat Lake",66.121544,-151.398584,"11579","17338",7607,0,0,11
"Sithylemenkat Lake",66.121544,-151.398584,"11579","17338",8032,3,1,9
"Sithylemenkat Lake",66.121544,-151.398584,"11579","17338",8462,2,0,9
"Sithylemenkat Lake",66.121544,-151.398584,"11579","17338",8884,7,0,30
"Sithylemenkat Lake",66.121544,-151.398584,"11579","17338",9230,0,0,23
"Sithylemenkat Lake",66.121544,-151.398584,"11579","17338",9557,8,0,29
"Sithylemenkat Lake",66.121544,-151.398584,"11579","17338",9882,7,1,12
"Sithylemenkat Lake",66.121544,-151.398584,"11579","17338",10208,19,8,2
"Sithylemenkat Lake",66.121544,-151.398584,"11579","17338",10528,15,13,1
"Sithylemenkat Lake",66.121544,-151.398584,"11579","17338",10853,17,23,0
"Sithylemenkat Lake",66.121544,-151.398584,"11579","17338",11173,21,14,0
"Sithylemenkat Lake",66.121544,-151.398584,"11579","17338",11500,35,37,0
"Sithylemenkat Lake",66.121544,-151.398584,"11579","17338",11827,29,15,0
"Sithylemenkat Lake",66.121544,-151.398584,"11579","17338",12112,25,1,0
"Sithylemenkat Lake",66.121544,-151.398584,"11579","17338",12375,41,0,0
"Sithylemenkat Lake",66.121544,-151.398584,"11579","17338",12645,11,0,0
"Sithylemenkat Lake",66.121544,-151.398584,"11579","17338",12910,26,0,1
"Sithylemenkat Lake",66.121544,-151.398584,"11579","17338",13177,22,0,2
"Sithylemenkat Lake",66.121544,-151.398584,"11579","17338",13453,21,1,0
"Sithylemenkat Lake",66.121544,-151.398584,"11579","17338",13727,16,0,2
"Sithylemenkat Lake",66.121544,-151.398584,"11579","17338",13995,30,0,0
"Sithylemenkat Lake",66.121544,-151.398584,"11579","17338",14260,14,0,1
"Sithylemenkat Lake",66.121544,-151.398584,"11579","17338",14526,21,0,3
"Sithylemenkat Lake",66.121544,-151.398584,"11579","17338",14797,31,1,1
"Sithylemenkat Lake",66.121544,-151.398584,"11579","17338",14932,30,0,3
"Sithylemenkat Lake",66.121544,-151.398584,"11579","17338",15064,34,1,13
"Sithylemenkat Lake",66.121544,-151.398584,"11579","17338",15195,44,0,4
"Sithylemenkat Lake",66.121544,-151.398584,"11579","17338",15326,27,0,3
"Sithylemenkat Lake",66.121544,-151.398584,"11579","17338",15407,43,1,9
"Sithylemenkat Lake",66.121544,-151.398584,"11579","17338",15461,21,0,8
"North Killeak Lake",66.363098,-164.0618,"11583","17345",244,13,0,15
"North Killeak Lake",66.363098,-164.0618,"11583","17345",451,15,0,10
"North Killeak Lake",66.363098,-164.0618,"11583","17345",886,6,0,9
"North Killeak Lake",66.363098,-164.0618,"11583","17345",1321,5,0,15
"North Killeak Lake",66.363098,-164.0618,"11583","17345",1735,3,0,18
"North Killeak Lake",66.363098,-164.0618,"11583","17345",2150,7,0,33
"North Killeak Lake",66.363098,-164.0618,"11583","17345",2584,4,0,8
"North Killeak Lake",66.363098,-164.0618,"11583","17345",2999,10,0,9
"North Killeak Lake",66.363098,-164.0618,"11583","17345",3392,7,0,5
"North Killeak Lake",66.363098,-164.0618,"11583","17345",3686,1,0,9
"North Killeak Lake",66.363098,-164.0618,"11583","17345",3818,7,0,6
"North Killeak Lake",66.363098,-164.0618,"11583","17345",3944,3,0,4
"North Killeak Lake",66.363098,-164.0618,"11583","17345",4083,5,0,12
"North Killeak Lake",66.363098,-164.0618,"11583","17345",4208,1,0,8
"North Killeak Lake",66.363098,-164.0618,"11583","17345",4341,7,1,6
"North Killeak Lake",66.363098,-164.0618,"11583","17345",4671,0,0,4
"North Killeak Lake",66.363098,-164.0618,"11583","17345",4737,3,0,6
"North Killeak Lake",66.363098,-164.0618,"11583","17345",4876,2,0,4
"North Killeak Lake",66.363098,-164.0618,"11583","17345",5022,5,0,5
"North Killeak Lake",66.363098,-164.0618,"11583","17345",5161,3,0,5
"North Killeak Lake",66.363098,-164.0618,"11583","17345",5227,4,0,0
"North Killeak Lake",66.363098,-164.0618,"11583","17345",5385,6,0,3
"North Killeak Lake",66.363098,-164.0618,"11583","17345",5504,6,0,7
"North Killeak Lake",66.363098,-164.0618,"11583","17345",5637,9,0,2
"North Killeak Lake",66.363098,-164.0618,"11583","17345",5762,4,2,6
"North Killeak Lake",66.363098,-164.0618,"11583","17345",5987,5,0,4
"North Killeak Lake",66.363098,-164.0618,"11583","17345",6133,8,0,1
"North Killeak Lake",66.363098,-164.0618,"11583","17345",6278,8,2,3
"North Killeak Lake",66.363098,-164.0618,"11583","17345",6397,7,0,2
"North Killeak Lake",66.363098,-164.0618,"11583","17345",6529,8,0,1
"North Killeak Lake",66.363098,-164.0618,"11583","17345",6662,6,0,0
"North Killeak Lake",66.363098,-164.0618,"11583","17345",6794,4,1,0
"North Killeak Lake",66.363098,-164.0618,"11583","17345",6963,5,0,2
"North Killeak Lake",66.363098,-164.0618,"11583","17345",7189,13,0,1
"North Killeak Lake",66.363098,-164.0618,"11583","17345",7580,8,0,0
"North Killeak Lake",66.363098,-164.0618,"11583","17345",7776,25,0,1
"North Killeak Lake",66.363098,-164.0618,"11583","17345",7992,9,0,3
"North Killeak Lake",66.363098,-164.0618,"11583","17345",8197,6,0,1
"North Killeak Lake",66.363098,-164.0618,"11583","17345",8424,14,2,2
"North Killeak Lake",66.363098,-164.0618,"11583","17345",8743,15,0,2
"North Killeak Lake",66.363098,-164.0618,"11583","17345",8949,13,7,2
"North Killeak Lake",66.363098,-164.0618,"11583","17345",9134,27,1,2
"North Killeak Lake",66.363098,-164.0618,"11583","17345",9339,20,5,1
"North Killeak Lake",66.363098,-164.0618,"11583","17345",9545,14,0,2
"North Killeak Lake",66.363098,-164.0618,"11583","17345",9730,24,15,2
"North Killeak Lake",66.363098,-164.0618,"11583","17345",9936,21,3,2
"North Killeak Lake",66.363098,-164.0618,"11583","17345",10163,21,5,2
"North Killeak Lake",66.363098,-164.0618,"11583","17345",10368,26,5,0
"North Killeak Lake",66.363098,-164.0618,"11583","17345",10574,21,8,0
"North Killeak Lake",66.363098,-164.0618,"11583","17345",10780,35,18,0
"North Killeak Lake",66.363098,-164.0618,"11583","17345",10986,38,17,1
"North Killeak Lake",66.363098,-164.0618,"11583","17345",11171,48,0,2
"North Killeak Lake",66.363098,-164.0618,"11583","17345",11418,76,0,1
"North Killeak Lake",66.363098,-164.0618,"11583","17345",11623,33,1,1
"North Killeak Lake",66.363098,-164.0618,"11583","17345",11829,10,1,1
"North Killeak Lake",66.363098,-164.0618,"11583","17345",12035,12,5,0
"North Killeak Lake",66.363098,-164.0618,"11583","17345",12302,17,5,1
"North Killeak Lake",66.363098,-164.0618,"11583","17345",12508,10,0,2
"North Killeak Lake",66.363098,-164.0618,"11583","17345",12714,25,2,0
"North Killeak Lake",66.363098,-164.0618,"11583","17345",12951,12,0,0
"North Killeak Lake",66.363098,-164.0618,"11583","17345",13146,25,0,1
"North Killeak Lake",66.363098,-164.0618,"11583","17345",13372,11,0,1
"North Killeak Lake",66.363098,-164.0618,"11583","17345",13558,26,0,4
"North Killeak Lake",66.363098,-164.0618,"11583","17345",13763,20,0,1
"North Killeak Lake",66.363098,-164.0618,"11583","17345",13959,21,0,1
"North Killeak Lake",66.363098,-164.0618,"11583","17345",14051,61,0,0
"Glacial Lake",64.86667,-166.26667,"846","875",1000,14,0,13
"Glacial Lake",64.86667,-166.26667,"846","875",1064,8,0,10
"Glacial Lake",64.86667,-166.26667,"846","875",1106,5,0,6
"Glacial Lake",64.86667,-166.26667,"846","875",1170,5,0,7
"Glacial Lake",64.86667,-166.26667,"846","875",1275,10,0,5
"Glacial Lake",64.86667,-166.26667,"846","875",1487,5,0,7
"Glacial Lake",64.86667,-166.26667,"846","875",1699,4,1,4
"Glacial Lake",64.86667,-166.26667,"846","875",1911,4,1,2
"Glacial Lake",64.86667,-166.26667,"846","875",2123,11,0,2
"Glacial Lake",64.86667,-166.26667,"846","875",2335,7,0,1
"Glacial Lake",64.86667,-166.26667,"846","875",2547,3,0,3
"Glacial Lake",64.86667,-166.26667,"846","875",2759,5,0,5
"Glacial Lake",64.86667,-166.26667,"846","875",2971,3,0,2
"Glacial Lake",64.86667,-166.26667,"846","875",3183,10,0,2
"Glacial Lake",64.86667,-166.26667,"846","875",3395,12,0,1
"Glacial Lake",64.86667,-166.26667,"846","875",3607,10,0,9
"Glacial Lake",64.86667,-166.26667,"846","875",3819,6,0,4
"Glacial Lake",64.86667,-166.26667,"846","875",4242,14,0,6
"Glacial Lake",64.86667,-166.26667,"846","875",4454,1,0,6
"Glacial Lake",64.86667,-166.26667,"846","875",4666,0,0,1
"Glacial Lake",64.86667,-166.26667,"846","875",5090,5,0,7
"Glacial Lake",64.86667,-166.26667,"846","875",5302,8,0,3
"Glacial Lake",64.86667,-166.26667,"846","875",5514,11,0,3
"Glacial Lake",64.86667,-166.26667,"846","875",5726,7,0,7
"Glacial Lake",64.86667,-166.26667,"846","875",5938,5,0,2
"Glacial Lake",64.86667,-166.26667,"846","875",6150,9,0,4
"Glacial Lake",64.86667,-166.26667,"846","875",6362,12,0,4
"Glacial Lake",64.86667,-166.26667,"846","875",6574,4,0,2
"Glacial Lake",64.86667,-166.26667,"846","875",6785,8,1,0
"Glacial Lake",64.86667,-166.26667,"846","875",6997,8,1,2
"Glacial Lake",64.86667,-166.26667,"846","875",7209,0,0,1
"Glacial Lake",64.86667,-166.26667,"846","875",7421,1,0,2
"Glacial Lake",64.86667,-166.26667,"846","875",7633,11,1,1
"Glacial Lake",64.86667,-166.26667,"846","875",7845,8,2,2
"Glacial Lake",64.86667,-166.26667,"846","875",8057,0,0,1
"Glacial Lake",64.86667,-166.26667,"846","875",8269,6,0,3
"Glacial Lake",64.86667,-166.26667,"846","875",8481,11,0,2
"Glacial Lake",64.86667,-166.26667,"846","875",8693,11,0,1
"Glacial Lake",64.86667,-166.26667,"846","875",8915,9,1,3
"Glacial Lake",64.86667,-166.26667,"846","875",9492,13,8,0
"Glacial Lake",64.86667,-166.26667,"846","875",9810,15,4,0
"Glacial Lake",64.86667,-166.26667,"846","875",10127,12,8,0
"Glacial Lake",64.86667,-166.26667,"846","875",10444,20,1,0
"Glacial Lake",64.86667,-166.26667,"846","875",10762,28,5,0
"Glacial Lake",64.86667,-166.26667,"846","875",11079,22,0,0
"Glacial Lake",64.86667,-166.26667,"846","875",11397,44,2,0
"Glacial Lake",64.86667,-166.26667,"846","875",11714,12,0,0
"Glacial Lake",64.86667,-166.26667,"846","875",12032,22,3,1
"Glacial Lake",64.86667,-166.26667,"846","875",12349,11,0,1
"Glacial Lake",64.86667,-166.26667,"846","875",12667,13,2,0
"Glacial Lake",64.86667,-166.26667,"846","875",12984,11,1,0
"Glacial Lake",64.86667,-166.26667,"846","875",13302,2,0,1
"Glacial Lake",64.86667,-166.26667,"846","875",13937,19,0,0
"Glacial Lake",64.86667,-166.26667,"846","875",14571,23,1,1
"Glacial Lake",64.86667,-166.26667,"846","875",15048,31,0,0
