"siteid","depth","thickness","agelimitolder","chroncontrolid","agelimityounger","chroncontrolage","chroncontroltype"
10537,0,NA,NA,35813,NA,-47,"Core top"
10537,18.5,1,3010,35814,2810,2910,"Radiocarbon"
10537,69.5,1,1840,35815,1740,1790,"Radiocarbon"
10537,123.5,1,3170,35816,3050,3110,"Radiocarbon"
10537,202.5,1,7189,35817,7043,7116,"Radiocarbon"
10537,215,2,7590,35818,7390,7490,"Radiocarbon"
10537,229.5,1,7570,35819,7430,7500,"Radiocarbon"
10537,275.5,1,7940,35820,7660,7800,"Radiocarbon"
10539,0,NA,NA,35832,NA,-47,"Core top"
10539,75.5,1,1720,35833,1620,1670,"Radiocarbon"
10539,100.5,1,730,35834,570,650,"Radiocarbon"
10539,156,2,3772,35835,3638,3705,"Radiocarbon"
10539,207.5,1,1120,35836,1020,1070,"Radiocarbon"
10539,230.5,1,6670,35837,6550,6610,"Radiocarbon"
10539,250.5,1,8250,35838,8150,8200,"Radiocarbon"
10539,260.5,1,8270,35839,8170,8220,"Radiocarbon"
10539,310.5,1,9989,35840,9925,9957,"Radiocarbon"
10539,325.5,1,9840,35841,9740,9790,"Radiocarbon"
513,0,NA,500,1596,-32,0,"Core top"
513,257,6,6740,1597,5920,6330,"Radiocarbon"
513,505,10,9150,1598,8930,9040,"Radiocarbon"
513,627.5,5,10770,1599,10370,10570,"Radiocarbon"
2271,0,1,500,6395,-32,0,"Core top"
2271,55,10,2330,6396,2190,2260,"Radiocarbon"
2271,155,10,5860,6397,5700,5780,"Radiocarbon"
2271,185,10,9330,6398,9130,9230,"Radiocarbon"
10538,0,1,-45,35821,-47,-46,"Core top"
10538,18,1,1300,35822,1180,1240,"Radiocarbon"
10538,37,6,2320,35823,2160,2240,"Radiocarbon"
10538,53,4,2270,35824,1790,2030,"Radiocarbon"
10538,104.5,5,4440,35825,4260,4350,"Radiocarbon"
10538,123,2,4390,35826,4110,4250,"Radiocarbon"
10538,141.5,5,7330,35827,7230,7280,"Radiocarbon"
10538,212.5,1,12930,35828,12730,12830,"Radiocarbon"
10538,240.5,1,13250,35829,13130,13190,"Radiocarbon"
10538,276.5,5,23270,35830,22830,23050,"Radiocarbon"
10538,365.5,1,30710,35831,30110,30410,"Radiocarbon"
1396,0,1,500,3385,-29,0,"Core top"
1396,15,10,3210,3386,3070,3140,"Radiocarbon"
1396,70,20,8050,3387,7870,7960,"Radiocarbon"
1396,103,10,9070,3388,8810,8940,"Radiocarbon"
1396,140,20,14440,3389,14160,14300,"Radiocarbon"
1396,350,20,22020,3390,21360,21690,"Radiocarbon"
1396,510,20,38000,3391,36000,37000,"Radiocarbon"
1748,0,1,500,5012,-34,0,"Core top"
1748,15,10,2600,5013,2440,2520,"Radiocarbon"
1748,85,10,6470,5014,6230,6350,"Radiocarbon"
1748,135,10,9050,5015,8730,8890,"Radiocarbon"
1748,245,10,10980,5016,10780,10880,"Radiocarbon"
1748,333,10,14000,5017,13760,13880,"Radiocarbon"
790,0,1,500,2234,-34,0,"Core top"
790,35,10,4540,2235,4040,4140,"Radiocarbon"
790,80,10,8380,2236,7940,8160,"Radiocarbon"
790,225,10,14070,2237,13510,13790,"Radiocarbon"
992,0,1,500,2968,-28,0,"Core top"
992,72,12,3620,2969,3420,3520,"Radiocarbon"
992,172,12,6970,2970,6750,6860,"Radiocarbon"
992,259.5,9,11900,2971,11600,11750,"Radiocarbon"
1974,0,1,500,5828,-28,0,"Core top"
1974,25.5,9,1580,5829,1500,1540,"Radiocarbon"
1974,92.5,7,4180,5830,3980,4080,"Radiocarbon"
2270,0,1,500,6386,-500,0,"Core top"
2270,36,10,2910,6387,2670,2790,"Radiocarbon"
2270,76,10,5430,6388,4870,5150,"Radiocarbon"
2270,116,10,7460,6389,7180,7320,"Radiocarbon"
2270,136,10,7990,6390,7800,7895,"Radiocarbon"
2270,156,10,9950,6391,9710,9830,"Radiocarbon"
2270,186,10,10510,6392,10190,10350,"Radiocarbon"
2270,226,10,11230,6393,11050,11140,"Radiocarbon"
2270,256,10,12980,6394,12710,12845,"Radiocarbon"
2245,0,1,500,6244,-32,0,"Core top"
2245,45,10,5180,6245,5040,5110,"Radiocarbon"
2245,85,10,6800,6246,6580,6690,"Radiocarbon"
2245,110,10,8430,6247,8230,8330,"Radiocarbon"
2245,250,10,12680,6248,12500,12590,"Radiocarbon"
1977,0,1,500,5856,-29,0,"Core top"
1977,85,10,6485,5857,6135,6310,"Radiocarbon"
1977,155,10,8515,5858,7185,7850,"Radiocarbon"
1977,628,14,12270,5859,11320,11795,"Radiocarbon"
10102,11,1.5,1380,32799,1100,1240,"Radiocarbon"
10102,25,1.5,3560,32800,3420,3490,"Radiocarbon"
10102,31.5,1,5110,32801,4750,4930,"Radiocarbon"
10102,32.5,1,4800,32802,4320,4560,"Radiocarbon"
10102,43,0.5,4900,32803,4620,4760,"Radiocarbon"
10102,51.5,1,6080,32804,5840,5960,"Radiocarbon"
10102,86.5,2,9665,32805,9505,9585,"Radiocarbon"
10102,127,0.5,10420,32806,9940,10180,"Radiocarbon"
10102,168,1,12040,32807,11560,11800,"Radiocarbon"
10102,184,1,12170,32808,10970,11570,"Radiocarbon"
10102,0,1,-52,32809,-54,-53,"Core top"
1955,0,1,500,5763,-28,0,"Core top"
1955,72.5,15,2280,5764,2120,2200,"Radiocarbon"
1955,137.5,15,4040,5765,3900,3970,"Radiocarbon"
1955,210,10,5810,5766,5570,5690,"Radiocarbon"
1955,270,10,7400,5767,7120,7260,"Radiocarbon"
1955,320,10,10750,5768,10450,10600,"Radiocarbon"
207,0,1,500,170,-28,0,"Core top"
207,100,9,6830,171,6250,6540,"Radiocarbon"
207,127,9,8310,172,7850,8080,"Radiocarbon"
207,193,14,13980,173,13490,13735,"Radiocarbon"
2232,0,1,500,6142,-28,0,"Core top"
2232,28,5,1950,6143,1730,1840,"Radiocarbon"
2232,83,6,3830,6144,3590,3710,"Radiocarbon"
2232,102.5,7,5160,6145,5060,5110,"Radiocarbon"
2232,185,6,8070,6146,7830,7950,"Radiocarbon"
2232,367.5,5,12580,6147,12420,12500,"Radiocarbon"
2232,452.5,5,13320,6148,13140,13230,"Radiocarbon"
1699,0,1,500,4748,-35,0,"Core top"
1699,95,10,4610,4749,4430,4520,"Radiocarbon"
1699,315,10,8700,4750,8460,8580,"Radiocarbon"
1699,355,10,9930,4751,9610,9770,"Radiocarbon"
1699,505,10,15410,4752,14970,15190,"Radiocarbon"
1503,0,1,500,3638,-35,0,"Core top"
1503,30,10,2600,3639,2480,2540,"Radiocarbon"
1503,280,10,6710,3640,6530,6620,"Radiocarbon"
1503,405,10,9440,3641,9260,9350,"Radiocarbon"
1503,445,10,14580,3642,13700,14140,"Radiocarbon"
1355,0,1,500,3338,-39,0,"Core top"
1355,85,10,6140,3339,5960,6050,"Radiocarbon"
1355,125,10,9540,3340,9345,9440,"Radiocarbon"
1355,225,10,10590,3341,10390,10490,"Radiocarbon"
1355,370,10,13000,3342,12720,12810,"Radiocarbon"
1355,415,10,14660,3343,14500,14580,"Radiocarbon"
1355,740,10,38220,3345,35720,36970,"Radiocarbon"
2551,0,1,500,7039,-34,0,"Core top"
2551,100,10,2450,7040,2310,2380,"Radiocarbon"
2551,224,10,7870,7041,7670,7770,"Radiocarbon"
2551,355,10,9610,7042,9410,9510,"Radiocarbon"
2551,420,10,12700,7043,11900,12300,"Radiocarbon"
2551,445,10,14140,7044,13720,13930,"Radiocarbon"
2551,490,10,17630,7045,16930,17280,"Radiocarbon"
13690,56.75,0.25,670,41968,600,635,"Radiocarbon"
13690,74.25,0.25,1340,41969,1250,1295,"Radiocarbon"
13690,102,1,2040,41970,1920,1980,"Radiocarbon"
13690,137.75,0.25,2850,41971,2790,2820,"Radiocarbon"
13690,168,0.25,3395,41972,3335,3365,"Radiocarbon"
13690,215.25,0.25,4600,41973,4530,4565,"Radiocarbon"
13690,243.25,0.5,5930,41974,5860,5895,"Radiocarbon"
13690,257,0.25,6685,41975,6625,6655,"Radiocarbon"
13690,282,0.25,8180,41976,8060,8120,"Radiocarbon"
13690,340.5,0.25,8960,41977,8890,8925,"Radiocarbon"
13690,383.75,0.25,9395,41978,9295,9345,"Radiocarbon"
13690,0,1,-56,41979,-58,-57,"Core top"
11575,0,NA,NA,37080,NA,NA,"Core top"
11575,160,1,3790,37081,3610,3700,"Radiocarbon"
11575,250,1,5200,37082,5060,5130,"Radiocarbon"
11575,360,1,7880,37083,7690,7785,"Radiocarbon"
11575,382,1,8790,37084,8610,8700,"Radiocarbon"
11575,420,1,9140,37085,8980,9060,"Radiocarbon"
11575,470,1,10955,37086,10695,10825,"Radiocarbon"
11575,600,1,13960,37087,13660,13810,"Radiocarbon"
11575,710,1,17030,37088,16150,16590,"Radiocarbon"
11575,760,1,21370,37089,20690,21030,"Radiocarbon"
11575,900,1,23700,37090,23300,23500,"Radiocarbon"
11579,0,NA,NA,37195,NA,NA,"Core top"
11579,20,10,2230,37196,2050,2140,"Radiocarbon"
11579,150,10,4790,37197,4590,4690,"Radiocarbon"
11579,230,10,8200,37198,7980,8090,"Radiocarbon"
11579,320,10,10410,37199,10170,10290,"Radiocarbon"
11579,450,10,13990,37200,13670,13830,"Radiocarbon"
